date,open,high,low,close,volume,return_1h,ma_24,volatility_24,label
2026-02-09 11:00:00,68727.88,69022.89,68573.31,68928.72,1348.78221,0.0,68928.72,0.0,Acheter
2026-02-09 12:00:00,68928.71,69262.91,68857.97,69147.01,1009.44887,0.0031668947283511883,69037.86499999999,0.0022393327377210545,Attendre
2026-02-09 13:00:00,69147.02,69299.99,68586.48,68594.57,1029.85836,-0.007989354854244457,68890.09999999999,0.005749216148842431,Attendre
2026-02-09 14:00:00,68594.56,69755.59,68308.0,69272.0,2516.24849,0.009875854604817658,68985.575,0.007416362955049469,Attendre
2026-02-09 15:00:00,69271.99,69884.82,68780.0,69563.37,2308.23216,0.004206172768217886,69101.13399999999,0.00655620869135173,Attendre
2026-02-09 16:00:00,69563.37,70428.48,69100.0,70093.01,1734.77412,0.007613777193370641,69266.44666666667,0.006318249511608208,Attendre
2026-02-09 17:00:00,70093.0,71000.0,69870.65,70612.29,2206.43168,0.007408442011550109,69458.70999999999,0.006023685407249821,Attendre
2026-02-09 18:00:00,70612.29,71012.0,70088.88,70418.68,1419.6332,-0.0027418739712308238,69578.70625,0.005993566992936911,Attendre
2026-02-09 19:00:00,70418.67,71075.31,70260.0,70957.01,878.36448,0.007644704501703181,69731.8511111111,0.005844435573054299,Attendre
2026-02-09 20:00:00,70957.01,71126.0,70500.0,70738.71,948.93614,-0.003076510692882728,69832.537,0.0058613517530856415,Attendre
2026-02-09 21:00:00,70738.71,70807.75,69823.52,70400.0,1102.83201,-0.004788184573905951,69884.12454545454,0.005991387980857285,Attendre
2026-02-09 22:00:00,70400.01,70719.7,70271.13,70372.96,530.94981,-0.00038409090909086174,69924.86083333332,0.005751765002946131,Attendre
2026-02-09 23:00:00,70372.96,70572.84,70083.45,70138.0,406.20163,-0.003338782395965856,69941.25615384615,0.005684513501680561,Attendre
2026-02-10 00:00:00,70138.0,70255.36,69743.8,69827.33,569.13678,-0.00442941059055002,69933.11857142857,0.0056759881613591846,Attendre
2026-02-10 01:00:00,69827.34,70527.59,69827.34,70486.82,544.68673,0.009444582801605206,69970.03199999999,0.0058938002961824104,Attendre
2026-02-10 02:00:00,70486.82,70486.82,69982.27,70102.89,444.00707,-0.005446833890364267,69978.335625,0.005953465050117381,Attendre
2026-02-10 03:00:00,70102.9,70166.22,69208.61,69511.83,911.79715,-0.008431321447660678,69950.89411764705,0.00620821905434802,Attendre
2026-02-10 04:00:00,69511.83,69906.5,69469.58,69831.62,489.42781,0.004600511884092162,69944.26777777779,0.006099398971512953,Attendre
2026-02-10 05:00:00,69831.62,69864.0,69210.76,69447.64,565.92441,-0.005498655193735935,69918.12947368421,0.006097938088568613,Attendre
2026-02-10 06:00:00,69447.63,69499.9,68682.0,68921.35,1241.02042,-0.007578227280293337,69868.2905,0.006198408777853187,Acheter
2026-02-10 07:00:00,68921.36,69218.64,68852.43,68919.66,837.11514,-2.4520703671648825e-05,69823.11761904761,0.006041467076421956,Acheter
2026-02-10 08:00:00,68919.66,69226.16,68725.81,69142.0,730.03493,0.0032260751141255373,69792.15772727273,0.005935577602308234,Attendre
2026-02-10 09:00:00,69141.99,69417.7,68950.0,69151.5,1044.9818,0.00013739839750082083,69764.30304347826,0.0057991107760839685,Attendre
2026-02-10 10:00:00,69151.5,69258.52,68921.64,68921.68,686.30742,-0.0033234275467634022,69729.19374999999,0.005715948614648165,Acheter
2026-02-10 11:00:00,68921.68,69085.79,68459.89,68535.01,1128.13956,-0.0056102811190905655,69712.78916666667,0.005830016403288801,Acheter
2026-02-10 12:00:00,68535.02,68855.35,68434.0,68610.12,821.53118,0.0010959362229610026,69690.41875,0.005792878614573056,Attendre
2026-02-10 13:00:00,68610.11,69143.6,68370.23,69027.95,992.44284,0.006089917930474531,69708.47624999999,0.005693286298867212,Attendre
2026-02-10 14:00:00,69027.94,69591.2,67800.0,68460.4,2352.751,-0.008222031800162122,69674.65958333333,0.005563835385704042,Attendre
2026-02-10 15:00:00,68460.4,69519.72,68300.9,69293.37,1676.38862,0.012167179858721289,69663.40958333334,0.006069461490025179,Attendre
2026-02-10 16:00:00,69293.37,69810.35,68945.23,69517.71,1394.08093,0.003237539175826143,69639.43875,0.005889314406541774,Attendre
2026-02-10 17:00:00,69517.71,69993.65,69309.35,69925.31,899.7843,0.0058632541261787186,69610.81458333334,0.005808973738829213,Attendre
2026-02-10 18:00:00,69925.31,69943.44,68604.63,68894.36,897.73226,-0.01474358855184188,69547.30125,0.006496090691069689,Attendre
2026-02-10 19:00:00,68894.36,69303.99,68690.32,69062.01,805.90106,0.002433435770359038,69468.34291666666,0.0062819322175286275,Attendre
2026-02-10 20:00:00,69062.0,69136.91,68629.47,68753.7,425.90627,-0.004464248868516818,69385.63416666667,0.006307172126443123,Attendre
2026-02-10 21:00:00,68753.69,69005.45,68362.0,68656.21,402.88764,-0.0014179600516043278,69312.97625,0.006260367820586525,Attendre
2026-02-10 22:00:00,68656.22,68860.4,68566.8,68707.18,289.48213,0.0007423946064017972,69243.56874999999,0.006269603737645418,Attendre
2026-02-10 23:00:00,68707.18,68860.09,68506.2,68841.29,222.30327,0.001951906627516875,69189.53916666667,0.006276026054899582,Attendre
2026-02-11 00:00:00,68841.28,69244.45,68784.47,69201.14,437.64105,0.005227240802721855,69163.44791666667,0.006339663638117483,Attendre
2026-02-11 01:00:00,69201.14,69292.88,68914.73,68982.0,303.52695,-0.0031667108374225927,69100.74708333334,0.006005876852016267,Attendre
2026-02-11 02:00:00,68982.0,69168.52,68603.4,68677.33,398.35346,-0.004416659418398972,69041.34875,0.0059754336955504484,Attendre
2026-02-11 03:00:00,68677.34,68751.91,68011.11,68187.99,778.71298,-0.007125204197658719,68986.18875,0.005908852251649007,Attendre
2026-02-11 04:00:00,68188.0,68325.0,67368.0,67584.46,1295.18481,-0.008850972143334856,68892.55708333333,0.00601293913696318,Attendre
2026-02-11 05:00:00,67584.47,67810.0,67397.86,67404.28,744.08532,-0.0026659974793022956,68807.41708333333,0.005955379712387047,Attendre
2026-02-11 06:00:00,67404.28,67491.84,66557.99,66820.32,1841.79675,-0.00866354480754028,68719.87416666666,0.006009581367502442,Acheter
2026-02-11 07:00:00,66819.84,67254.6,66652.27,67032.72,1293.95919,0.0031786737926426945,68641.25166666666,0.006073713758575362,Acheter
2026-02-11 08:00:00,67032.71,67134.42,66793.93,66981.07,871.78483,-0.0007705192329954258,68551.21291666667,0.00600323020117725,Acheter
2026-02-11 09:00:00,66981.08,67110.04,66716.02,66872.03,712.9704,-0.0016279226354551923,68456.235,0.00599560071343554,Acheter
2026-02-11 10:00:00,66872.03,66891.64,66369.49,66531.99,1318.02907,-0.0050849361085643086,68356.66458333335,0.00603112302360156,Acheter
2026-02-11 11:00:00,66531.99,67110.77,66500.84,67053.03,1011.30301,0.007831420644414777,68294.91541666667,0.006248370339318356,Acheter
2026-02-11 12:00:00,67053.03,67424.24,66959.67,67133.5,1251.20611,0.001200094909954208,68233.38958333332,0.006249846937127377,Acheter
2026-02-11 13:00:00,67133.51,67674.3,66799.58,67454.49,1973.91228,0.004781368467307701,68167.82875,0.006191769287701215,Attendre
2026-02-11 14:00:00,67454.49,68834.34,66435.62,66584.6,3127.14059,-0.012895953998021459,68089.67041666668,0.006496697966527234,Acheter
2026-02-11 15:00:00,66584.61,66818.18,65756.0,66519.73,2796.32516,-0.0009742493008895181,67974.10208333333,0.005848082528056346,Attendre
2026-02-11 16:00:00,66519.72,67250.0,65952.0,66039.09,1746.45856,-0.007225525419300438,67829.15958333334,0.005855219076810241,Acheter
2026-02-11 17:00:00,66039.08,66921.12,65876.0,66518.26,1110.21085,0.007255854070672418,67687.19916666667,0.005944001562983842,Acheter
2026-02-11 18:00:00,66518.26,67305.28,66150.66,67275.34,935.25515,0.011381536438265227,67619.74,0.005912742175644909,Attendre
2026-02-11 19:00:00,67275.34,67860.44,67105.79,67586.67,1212.94694,0.004627698648568712,67558.2675,0.00598424748357536,Attendre
2026-02-11 20:00:00,67586.66,67757.7,67190.0,67555.98,514.2706,-0.0004540836232943546,67508.3625,0.005935669507471349,Attendre
2026-02-11 21:00:00,67555.98,68369.77,67417.04,67811.17,1823.53852,0.0037774598192492626,67473.1525,0.006003275246558617,Attendre
2026-02-11 22:00:00,67810.2,67872.68,67387.24,67433.14,541.63723,-0.005574745281640148,67420.0675,0.006084436725479541,Attendre
2026-02-11 23:00:00,67433.54,67563.77,66787.7,67082.52,677.99621,-0.005199520591803952,67346.78541666667,0.006120764310157501,Acheter
2026-02-12 00:00:00,67082.52,67700.0,67055.53,67460.75,581.7604,0.0056382795398859376,67274.26916666667,0.006139666928053336,Acheter
2026-02-12 01:00:00,67460.75,68047.48,67460.75,67699.01,549.26066,0.00353183147237468,67220.81125,0.006190953024305721,Attendre
2026-02-12 02:00:00,67699.01,67800.0,67418.0,67439.14,554.16819,-0.0038386085704945616,67169.22,0.006177232246635029,Acheter
2026-02-12 03:00:00,67439.14,67596.0,67306.61,67580.99,415.78114,0.0021033779493631055,67143.92833333333,0.006048335554115379,Attendre
2026-02-12 04:00:00,67581.0,67682.69,67000.0,67018.4,588.3789,-0.008324678286009246,67120.3425,0.006017066279653512,Acheter
2026-02-12 05:00:00,67018.4,67209.99,66670.45,67141.93,683.92376,0.001843225144139593,67109.41125,0.006011449647389511,Attendre
2026-02-12 06:00:00,67141.92,67355.93,67014.0,67125.57,830.7495,-0.00024366293909017234,67122.12999999999,0.005731893023009005,Attendre
2026-02-12 07:00:00,67125.57,67330.0,66935.64,67217.72,607.54971,0.001372800260764917,67129.83833333333,0.005702948721851944,Attendre
2026-02-12 08:00:00,67217.71,67344.0,66891.6,67141.15,783.02638,-0.001139134144984455,67136.50833333333,0.005705976210011501,Attendre
2026-02-12 09:00:00,67141.15,67699.1,67050.0,67550.47,644.02356,0.006096410323624291,67164.77666666666,0.005820092554237182,Attendre
2026-02-12 10:00:00,67550.46,68026.6,67404.02,68014.01,843.40689,0.006862128420423996,67226.5275,0.005838161664431175,Attendre
2026-02-12 11:00:00,68014.0,68299.0,67740.0,68076.01,1397.59947,0.0009115768942311586,67269.15166666667,0.005650609554913223,Attendre
2026-02-12 12:00:00,68076.01,68162.02,67720.0,67865.31,829.25823,-0.003095069760992164,67299.64375,0.005700111447906345,Attendre
2026-02-12 13:00:00,67865.32,68397.5,67680.82,68376.58,960.32991,0.007533598535098385,67338.06416666666,0.005817157083135148,Attendre
2026-02-12 14:00:00,68376.58,68410.52,67493.78,67577.02,1431.75163,-0.011693477503554539,67379.415,0.005700022430025041,Attendre
2026-02-12 15:00:00,67577.02,68000.0,67014.98,67134.74,1602.90239,-0.00654482840468551,67405.04041666667,0.005878893968174125,Attendre
2026-02-12 16:00:00,67134.74,67232.04,65556.0,65863.37,3193.11571,-0.018937587305767667,67397.71875,0.006931317026196813,Acheter
2026-02-12 17:00:00,65863.38,66265.06,65374.56,65413.99,2100.56023,-0.006822912341108545,67351.7075,0.0068783321012954556,Acheter
2026-02-12 18:00:00,65414.0,65800.0,65118.0,65590.95,1612.17039,0.0027052317096083467,67281.52458333333,0.006430569338239271,Acheter
2026-02-12 19:00:00,65590.95,66117.51,65274.4,65788.36,1027.63649,0.0030097139925553407,67206.59499999999,0.00637686802813838,Acheter
2026-02-12 20:00:00,65788.36,66042.24,65215.06,65428.56,894.16583,-0.005469052580122091,67117.9525,0.006436550531101766,Acheter
2026-02-12 21:00:00,65428.24,65900.0,65428.24,65849.87,590.26423,0.006439236932617831,67036.23166666667,0.006549999017986152,Acheter
2026-02-12 22:00:00,65849.86,66399.94,65643.34,66288.0,642.82133,0.006653467956732495,66988.5175,0.006669534669032242,Attendre
2026-02-12 23:00:00,66288.01,66488.9,66156.47,66272.17,907.1379,-0.00023880642046825162,66954.75291666666,0.0066002769028359505,Attendre
2026-02-13 00:00:00,66272.17,66527.09,65872.46,65918.6,765.38996,-0.005335120307664476,66890.49666666667,0.006537415810350291,Acheter
2026-02-13 01:00:00,65918.61,66619.9,65918.61,66454.95,771.58544,0.008136550230132267,66838.66083333334,0.006738906150945292,Attendre
2026-02-13 02:00:00,66454.95,66759.61,66384.0,66663.08,476.45341,0.0031318961191002526,66806.325,0.006750233107786513,Attendre
2026-02-13 03:00:00,66663.08,66814.0,66462.4,66553.08,569.96335,-0.0016500887747761261,66763.49541666666,0.006731711664774794,Attendre
2026-02-13 04:00:00,66553.09,66671.62,66308.48,66329.22,462.15015,-0.0033636309544201604,66734.77958333334,0.006558674801539891,Acheter
2026-02-13 05:00:00,66329.22,66502.27,66175.79,66175.79,484.2505,-0.0023131585144526845,66694.52375,0.006551465078621763,Acheter
2026-02-13 06:00:00,66175.79,66397.86,66002.98,66359.28,613.96613,0.0027727662941388065,66662.595,0.0065870966060903756,Acheter
2026-02-13 07:00:00,66359.28,66568.47,66050.21,66208.96,868.05316,-0.0022652445897543005,66620.56333333334,0.006585007965737976,Acheter
2026-02-13 08:00:00,66208.96,66747.38,66191.52,66699.96,603.02656,0.007415914703991833,66602.18041666666,0.006783618162924917,Acheter
2026-02-13 09:00:00,66699.96,67062.93,66612.86,66959.71,592.93469,0.0038943051839910314,66577.56541666666,0.0067084862636041425,Attendre
2026-02-13 10:00:00,66959.72,67116.0,66800.0,66977.66,516.91289,0.00026807165084785645,66534.38416666667,0.006533253113121442,Attendre
2026-02-13 11:00:00,66977.66,67226.66,66783.38,67171.42,488.71065,0.0028929048879879904,66496.69291666667,0.006565871780627987,Attendre
2026-02-13 12:00:00,67171.41,67212.28,66918.38,67084.0,405.35988,-0.0013014463591807246,66464.13833333332,0.006545659624876018,Attendre
2026-02-13 13:00:00,67084.01,67615.34,66938.0,67274.15,1624.06539,0.002834505992487024,66418.20375,0.006363858350628276,Attendre
2026-02-13 14:00:00,67274.14,68028.45,66867.47,67733.51,1724.03844,0.006828179917546251,66424.72416666667,0.00608426315773112,Attendre
2026-02-13 15:00:00,67733.51,69309.8,67692.0,68692.12,3133.0872,0.01415266977896179,66489.615,0.006548502512977664,Attendre
2026-02-13 16:00:00,68692.12,69482.97,68540.83,68954.69,1775.68698,0.0038224180590147316,66618.42,0.005005415191378433,Vendre
2026-02-13 17:00:00,68954.69,69250.25,68636.36,69047.99,921.29676,0.0013530624240352118,66769.83666666666,0.004649745884061738,Vendre
2026-02-13 18:00:00,69048.0,69411.44,68903.27,69129.99,1063.59333,0.0011875798267262372,66917.29666666666,0.004653825081309707,Vendre
2026-02-13 19:00:00,69129.99,69236.33,68918.79,68938.91,560.0454,-0.002764068098375261,67048.56958333334,0.004758336448251718,Vendre
2026-02-13 20:00:00,68938.91,68973.35,68683.32,68777.12,555.3285,-0.0023468604304884844,67188.09291666666,0.0045859023170597,Vendre
2026-02-13 21:00:00,68777.13,69079.4,68731.75,68902.48,463.4195,0.0018226991767029688,67315.28499999999,0.004491472230420633,Vendre
2026-02-13 22:00:00,68902.48,69000.0,68726.4,68995.28,544.04056,0.0013468310574598075,67428.08833333333,0.004376411857761765,Vendre
2026-02-13 23:00:00,68995.29,69000.0,68829.2,68853.96,261.19072,-0.0020482560546170037,67535.66291666667,0.004426179385129556,Vendre
2026-02-14 00:00:00,68853.97,69137.5,68768.56,69090.24,447.10398,0.00343161090516797,67667.81458333333,0.004183809934375319,Vendre
2026-02-14 01:00:00,69090.25,69108.8,68921.54,68964.51,344.69001,-0.0018197939390572904,67772.37958333333,0.004036626319135365,Vendre
2026-02-14 02:00:00,68964.51,69006.34,68845.6,68884.21,261.74234,-0.0011643670055799804,67864.92666666667,0.00405878585556555,Vendre
2026-02-14 03:00:00,68884.21,69027.14,68852.0,68981.99,238.3937,0.001419483507178132,67966.13125,0.004007372166193762,Vendre
2026-02-14 04:00:00,68982.0,68995.11,68789.59,68790.0,489.78591,-0.0027831902210998516,68068.66375,0.0039783751639060885,Vendre
2026-02-14 05:00:00,68790.01,68910.0,68760.0,68773.42,308.2603,-0.00024102340456466642,68176.89833333333,0.003913376916425289,Vendre
2026-02-14 06:00:00,68773.41,68936.98,68730.13,68936.98,470.43757,0.002378244385694339,68284.3025,0.0039091191242076285,Vendre
2026-02-14 07:00:00,68936.98,69343.0,68884.56,69219.26,919.89001,0.004094754368410003,68409.73166666667,0.003851095976547038,Vendre
2026-02-14 08:00:00,69219.27,69870.99,69218.71,69746.2,1347.80343,0.007612621111523055,68536.65833333334,0.0038636202508976264,Vendre
2026-02-14 09:00:00,69746.2,69900.0,69566.78,69714.93,555.36385,-0.0004483398378694048,68651.45916666665,0.0038663641378036667,Vendre
2026-02-14 10:00:00,69714.94,69714.94,69585.15,69671.86,257.25533,-0.0006178016674476261,68763.7175,0.003884701189098926,Vendre
2026-02-14 11:00:00,69671.86,70560.01,69671.86,70505.74,1370.55448,0.01196867716751071,68902.6475,0.00441616060090038,Vendre
2026-02-14 12:00:00,70505.74,70533.67,69600.0,69640.2,1278.19574,-0.012276163614480251,69009.15583333334,0.005263097627893809,Vendre
2026-02-14 13:00:00,69640.2,69771.91,69064.6,69460.0,3393.7597,-0.0025875859058417383,69100.23291666666,0.005322612900727965,Vendre
2026-02-14 14:00:00,69460.0,69856.7,69208.09,69701.66,1680.0126,0.003479124676072587,69182.23916666667,0.005215479555416476,Vendre
2026-02-14 15:00:00,69701.66,70048.39,69560.0,69778.28,751.6532,0.0010992564596021825,69227.49583333333,0.0044279474072736425,Vendre
2026-02-14 16:00:00,69778.28,69815.0,69283.02,69755.1,1006.67903,-0.0003321950612711344,69260.84625,0.004380024832444761,Vendre
2026-02-14 17:00:00,69755.1,69930.9,69609.0,69739.38,685.87401,-0.0002253598661603462,69289.65416666667,0.004378354975902565,Vendre
2026-02-14 18:00:00,69739.38,69856.7,69672.55,69772.31,270.42048,0.0004721865895567223,69316.4175,0.0043753675868560505,Vendre
2026-02-14 19:00:00,69772.3,69920.6,69619.52,69873.99,332.30706,0.0014573116469844827,69355.37916666667,0.004327455298242225,Vendre
2026-02-14 20:00:00,69873.99,70028.59,69732.75,70023.09,434.13483,0.0021338412190285982,69407.29458333334,0.0042926355604181845,Vendre
2026-02-14 21:00:00,70023.1,70250.46,69668.05,69935.86,640.89584,-0.0012457319435631442,69450.35208333335,0.00430519729548207,Vendre
2026-02-14 22:00:00,69935.86,70100.0,69781.0,69959.75,292.90739,0.00034159871630956573,69490.53833333334,0.004302802635606297,Vendre
2026-02-14 23:00:00,69959.74,70020.0,69723.18,69822.95,336.66314,-0.001955410075078934,69530.91291666667,0.0043003709292203755,Vendre
2026-02-15 00:00:00,69822.94,69864.74,69600.0,69777.07,292.27775,-0.0006570905411471539,69559.53083333334,0.004263791489988471,Vendre
2026-02-15 01:00:00,69777.06,69902.7,69350.0,69717.65,400.20039,-0.0008515691472860132,69590.91166666667,0.004246212644328958,Vendre
2026-02-15 02:00:00,69717.65,69753.9,69341.27,69480.01,375.21945,-0.00340860599862447,69615.73666666666,0.004307833793336759,Vendre
2026-02-15 03:00:00,69480.0,69990.02,69251.5,69954.5,697.2437,0.006829158487455578,69656.25791666667,0.004502389553663485,Vendre
2026-02-15 04:00:00,69954.5,70518.57,69459.35,70183.99,2275.16813,0.0032805609360371246,69714.34083333334,0.0044747342336027085,Vendre
2026-02-15 05:00:00,70184.0,70472.43,70132.54,70267.61,540.45783,0.001191439814122841,69776.59875,0.004469156627828472,Vendre
2026-02-15 06:00:00,70267.6,70540.99,70184.09,70405.12,505.71551,0.001956947162426559,69837.77125,0.004463944951434909,Vendre
2026-02-15 07:00:00,70405.12,70926.42,70307.11,70828.42,1425.80275,0.006012346829321613,69904.81958333333,0.004540345734599734,Vendre
2026-02-15 08:00:00,70828.43,70983.0,70182.31,70446.52,898.37828,-0.005391903419559418,69933.99958333334,0.004488569070247791,Vendre
2026-02-15 09:00:00,70446.52,70668.0,70370.3,70419.11,334.99126,-0.00038908948234783747,69963.34041666667,0.0044880835160404945,Vendre
2026-02-15 10:00:00,70419.12,70523.94,70208.16,70427.02,382.24903,0.00011232746338318833,69994.80541666667,0.004483154766650134,Vendre
2026-02-15 11:00:00,70427.02,70543.14,70267.6,70295.22,457.63561,-0.0018714408191629062,69986.03375,0.0037720045580113006,Vendre
2026-02-15 12:00:00,70295.22,70418.48,69309.87,69314.21,1027.34588,-0.01395557194358299,69972.45083333334,0.004015108389846016,Vendre
2026-02-15 13:00:00,69314.22,69620.06,68772.2,68930.0,1749.29694,-0.005543019245260239,69950.36750000001,0.004135430598654491,Vendre
2026-02-15 14:00:00,68930.0,69219.71,68845.72,69170.51,629.32577,0.003489191933845781,69928.23625,0.004135832234605532,Vendre
2026-02-15 15:00:00,69170.51,69255.6,68888.0,69099.99,446.59665,-0.0010195096147186389,69899.97416666667,0.004127036683980978,Vendre
2026-02-15 16:00:00,69100.0,69100.0,68658.0,69017.75,1442.09011,-0.0011901593618176554,69869.25125,0.004130149955356972,Attendre
2026-02-15 17:00:00,69017.76,69085.22,68203.6,68641.21,1194.71218,-0.0054556979907341985,69823.49416666666,0.0042547478493477385,Attendre
2026-02-15 18:00:00,68641.21,68800.0,68274.31,68451.44,2695.36643,-0.002764665716120107,69768.45791666668,0.0042688281970269856,Attendre
2026-02-15 19:00:00,68451.45,68560.84,68000.0,68286.63,2807.35363,-0.0024076922267814993,69702.31791666667,0.004253344852980934,Attendre
2026-02-15 20:00:00,68286.64,68560.22,68120.0,68450.0,399.94279,0.0023924156163512844,69636.7725,0.004261810639385581,Attendre
2026-02-15 21:00:00,68450.0,68950.16,68450.0,68852.01,407.5596,0.0058730460189919675,69591.61208333333,0.004481495146502636,Attendre
2026-02-15 22:00:00,68852.01,69078.49,68801.06,68999.96,384.07496,0.002148811632369352,69551.62083333333,0.004513788506791486,Attendre
2026-02-15 23:00:00,68999.96,68999.96,68319.64,68832.58,521.04745,-0.002425798507709298,69510.35541666667,0.004521100819330641,Attendre
2026-02-16 00:00:00,68832.59,69065.5,68700.0,68845.81,349.86984,0.00019220549338694326,69471.55291666667,0.004523836873420448,Attendre
2026-02-16 01:00:00,68845.81,69041.97,68454.54,68630.81,270.08273,-0.0031229206250895647,69426.26791666666,0.004554080939258632,Attendre
2026-02-16 02:00:00,68630.81,68734.0,68243.68,68320.48,683.734,-0.00452173010926149,69377.95416666666,0.004588989957118584,Attendre
2026-02-16 03:00:00,68320.49,68463.96,68143.22,68424.82,453.41167,0.0015272140945146173,69314.2175,0.004331637477685125,Attendre
2026-02-16 04:00:00,68424.82,68894.52,68417.17,68870.07,465.20741,0.006507141706766584,69259.47083333334,0.004513659459238229,Attendre
2026-02-16 05:00:00,68870.07,68900.0,68293.28,68385.29,353.88428,-0.007039051942302588,69181.04083333333,0.004667613829812362,Attendre
2026-02-16 06:00:00,68385.29,68527.8,68228.76,68450.8,240.56615,0.0009579545542617307,69099.61083333334,0.00464337018117771,Attendre
2026-02-16 07:00:00,68450.8,68672.59,68380.0,68587.9,362.20306,0.0020028984321585064,69006.25583333334,0.004441781398674853,Attendre
2026-02-16 08:00:00,68587.89,68798.7,68542.63,68762.85,301.81895,0.0025507414573127107,68936.10291666667,0.0044217482069075055,Attendre
2026-02-16 09:00:00,68762.86,69060.77,68748.02,68992.71,453.08481,0.0033427933833458656,68876.66958333334,0.004508852478469525,Attendre
2026-02-16 10:00:00,68992.7,68992.71,68690.85,68798.22,358.68374,-0.0028189934849639497,68808.80291666667,0.004521547174538196,Attendre
2026-02-16 11:00:00,68798.21,68918.22,68338.9,68812.83,495.50759,0.0002123601453642987,68747.03666666667,0.004523384371565549,Attendre
2026-02-16 12:00:00,68812.84,69848.48,68807.54,69763.24,1602.28029,0.013811523229025902,68765.74625000001,0.004583655711929197,Vendre
2026-02-16 13:00:00,69763.24,70126.67,68225.0,68395.1,1720.62066,-0.019611187783136197,68743.45875,0.006031470188263689,Attendre
2026-02-16 14:00:00,68395.11,68718.3,68260.39,68427.64,1092.6004,0.0004757650767379662,68712.50583333334,0.0059801539736501685,Attendre
2026-02-16 15:00:00,68427.64,68607.22,67294.11,67539.52,2148.07022,-0.012978965809722465,68647.48625,0.006506313746311048,Attendre
2026-02-16 16:00:00,67539.53,67974.86,67513.94,67888.7,895.58119,0.005170010091869015,68600.4425,0.006623762669921806,Attendre
2026-02-16 17:00:00,67888.7,68074.12,67600.93,67951.86,501.76328,0.0009303462873793134,68571.71958333334,0.006550851449383052,Attendre
2026-02-16 18:00:00,67951.85,68245.34,67830.82,67860.13,606.24788,-0.0013499262566174508,68547.08166666668,0.006534992370038387,Attendre
2026-02-16 19:00:00,67860.13,68130.0,67824.91,67913.43,262.97624,0.0007854391083539358,68531.53166666666,0.006523578988726152,Attendre
2026-02-16 20:00:00,67913.44,68549.14,67827.11,68530.0,457.58536,0.009078763949928792,68534.865,0.006777294721293311,Attendre
2026-02-16 21:00:00,68530.0,68933.85,68427.18,68862.88,534.27425,0.004857434700131336,68535.31791666667,0.006742572134727971,Attendre
2026-02-16 22:00:00,68862.89,68890.0,68509.07,68591.02,556.75779,-0.003947845341350842,68518.27875,0.006773987024831432,Attendre
2026-02-16 23:00:00,68591.01,68978.88,68538.57,68892.43,348.95355,0.0043943070098679815,68520.7725,0.006820566630015288,Attendre
2026-02-17 00:00:00,68892.43,69042.74,68704.36,68878.27,476.69143,-0.0002055378217895587,68522.125,0.006820711084927857,Attendre
2026-02-17 01:00:00,68878.27,68996.67,68563.16,68618.11,499.89142,-0.003777098350466801,68521.59583333334,0.006835200708758164,Attendre
2026-02-17 02:00:00,68618.12,69241.5,68387.2,68838.48,625.65656,0.0032115428419698944,68543.17916666667,0.006794201718759302,Attendre
2026-02-17 03:00:00,68838.48,68860.68,68470.0,68474.9,367.85689,-0.005281638990285664,68545.26583333334,0.00688390583131792,Attendre
2026-02-17 04:00:00,68474.9,68707.49,68288.0,68481.67,329.69022,9.88683444591576e-05,68529.0825,0.006745582656916407,Attendre
2026-02-17 05:00:00,68481.68,68510.76,67892.0,68245.71,633.07748,-0.003445593543498493,68523.26666666666,0.006626325101204919,Attendre
2026-02-17 06:00:00,68245.71,68519.99,68242.49,68400.0,230.38739,0.002260801448178862,68521.15000000001,0.006640383139259069,Attendre
2026-02-17 07:00:00,68400.01,68480.0,68165.02,68388.12,314.74756,-0.0001736842105264369,68512.82583333334,0.006626549696982298,Attendre
2026-02-17 08:00:00,68388.12,68479.17,68130.78,68177.53,285.96667,-0.003079336001633015,68488.43750000001,0.006628270764978453,Attendre
2026-02-17 09:00:00,68177.53,68308.37,67992.03,68126.28,404.18575,-0.0007517139444623844,68452.33625,0.006582025531590812,Attendre
2026-02-17 10:00:00,68126.29,68194.46,67704.96,67845.3,504.39951,-0.004124399570914372,68412.63124999999,0.006607319077676376,Attendre
2026-02-17 11:00:00,67845.3,67935.73,67690.0,67854.6,507.67784,0.0001370765550450237,68372.705,0.006606954323378111,Attendre
2026-02-17 12:00:00,67854.6,68299.4,67827.52,67919.49,607.94036,0.0009563095206515104,68295.88208333333,0.005871022700658021,Attendre
2026-02-17 13:00:00,67919.49,68360.5,67734.36,68136.34,716.87733,0.003192750711172865,68285.10041666667,0.0044076243960282395,Attendre
2026-02-17 14:00:00,68136.35,68337.6,66734.3,66875.06,2328.63639,-0.018511120497520128,68220.40958333333,0.005780762897851092,Attendre
2026-02-17 15:00:00,66875.06,67409.99,66621.06,67392.05,2309.0413,0.007730684652843767,68214.265,0.005441219523280137,Attendre
2026-02-17 16:00:00,67392.06,68158.1,67317.6,67517.36,1448.76651,0.0018594181361153428,68198.7925,0.005343509535768521,Attendre
2026-02-17 17:00:00,67517.36,67714.28,66881.08,67244.22,1144.38591,-0.004045478081488918,68169.30750000001,0.005393444963541976,Attendre
2026-02-17 18:00:00,67244.22,68227.41,67127.86,68098.62,824.93415,0.012705924762009158,68179.24458333333,0.006015575568171566,Attendre
2026-02-17 19:00:00,68098.63,68235.39,67695.45,67793.32,785.88027,-0.0044832039180822125,68174.24,0.006087598586699537,Attendre
2026-02-17 20:00:00,67793.32,67928.08,67484.16,67753.3,471.88623,-0.0005903236484067209,68141.8775,0.0057683575165088825,Attendre
2026-02-17 21:00:00,67753.3,67926.29,67538.0,67680.54,253.25027,-0.0010738960316325485,68092.61333333333,0.005656664480785592,Attendre
2026-02-17 22:00:00,67680.55,67788.42,67513.42,67527.72,176.97341,-0.002257960707760187,68048.30916666667,0.0056249851724434925,Attendre
2026-02-17 23:00:00,67527.72,67617.46,67394.0,67503.52,240.26836,-0.00035837134735183795,67990.43791666666,0.005522943056241167,Attendre
2026-02-18 00:00:00,67503.52,67627.97,67290.3,67302.65,186.99827,-0.0029756966747809255,67924.78708333333,0.005538172561223983,Attendre
2026-02-18 01:00:00,67302.65,67378.26,66892.03,67165.2,545.6883,-0.002042267280708776,67864.24916666666,0.005510909669207975,Vendre
2026-02-18 02:00:00,67165.21,67421.99,67153.36,67335.04,250.64041,0.0025286904527939136,67801.60583333333,0.005490610090723972,Vendre
2026-02-18 03:00:00,67335.04,67705.65,67326.98,67629.11,243.56061,0.004367265542576382,67766.36458333333,0.005509447686117738,Vendre
2026-02-18 04:00:00,67629.1,67900.0,67500.1,67823.54,328.68469,0.002874945419213626,67738.9425,0.0055516164190642266,Vendre
2026-02-18 05:00:00,67823.55,67938.0,67606.45,67654.8,311.88419,-0.002487926758172665,67714.32125,0.005532087463462496,Vendre
2026-02-18 06:00:00,67654.81,67976.51,67614.91,67850.52,264.75627,0.0028929211231132346,67691.42625,0.005546531750005693,Vendre
2026-02-18 07:00:00,67850.53,68219.81,67702.7,68106.44,528.49446,0.0037718207612851273,67679.68958333333,0.005609211987069797,Vendre
2026-02-18 08:00:00,68106.44,68476.22,68071.58,68132.82,532.69792,0.000387334883455992,67677.82666666666,0.005575214100834221,Vendre
2026-02-18 09:00:00,68132.83,68276.0,68010.11,68157.79,339.37122,0.00036649004106958927,67679.13958333334,0.005573439028131573,Vendre
2026-02-18 10:00:00,68157.8,68184.41,67731.95,67801.26,395.11187,-0.0052309501232360445,67677.30458333333,0.005613767911026791,Vendre
2026-02-18 11:00:00,67801.26,67805.08,67076.9,67369.75,654.97357,-0.006364336002015247,67657.1025,0.005761193495115333,Attendre
2026-02-18 12:00:00,67369.75,67689.76,67345.0,67458.06,459.50762,0.0013108257044147642,67637.87625,0.005764961888804526,Attendre
2026-02-18 13:00:00,67458.06,67599.7,67051.81,67236.88,549.44565,-0.0032787779547764906,67600.39875,0.005747372862190319,Attendre
2026-02-18 14:00:00,67236.89,67362.26,66717.3,67223.76,1553.71672,-0.0001951310054840727,67614.92791666667,0.004287681572912512,Attendre
2026-02-18 15:00:00,67223.77,68347.72,67192.25,67694.01,1767.46696,0.00699529452086578,67627.50958333333,0.0042340067016935845,Vendre
2026-02-18 16:00:00,67694.01,67706.94,66994.23,67145.34,1029.31402,-0.008105148446664656,67612.00875,0.004541111074239457,Vendre
2026-02-18 17:00:00,67145.35,67486.97,67057.13,67187.39,676.97648,0.0006262534376921813,67609.64083333332,0.00446958049876736,Vendre
2026-02-18 18:00:00,67187.4,67229.76,66200.0,66359.99,1304.49131,-0.01231481085959718,67537.19791666667,0.0042850536073318285,Vendre
2026-02-18 19:00:00,66360.0,66619.0,65870.0,66177.14,1301.14212,-0.0027554253700159403,67469.85708333334,0.004239456784612243,Vendre
2026-02-18 20:00:00,66177.15,66550.0,66141.9,66268.39,682.91387,0.001378874940802799,67407.98583333332,0.004266622700644076,Vendre
2026-02-18 21:00:00,66268.4,66504.2,66053.6,66342.76,909.37392,0.0011222545168216858,67352.245,0.00428655190341008,Vendre
2026-02-18 22:00:00,66342.76,66477.7,66232.02,66408.82,352.09134,0.0009957378921228166,67305.62416666666,0.004290634391202659,Vendre
2026-02-18 23:00:00,66408.83,66502.49,66275.71,66461.0,323.1366,0.0007857390027408151,67262.18583333334,0.004300789237651961,Vendre
2026-02-19 00:00:00,66461.0,66597.03,66345.0,66446.49,297.42224,-0.0002183235280840412,67226.5125,0.004272401064504304,Vendre
2026-02-19 01:00:00,66446.49,66884.16,66446.48,66866.62,415.14671,0.00632283210143969,67214.07166666667,0.004479400295807412,Vendre
2026-02-19 02:00:00,66866.63,66958.9,66639.99,66835.2,362.58869,-0.00046989065695257626,67193.24500000001,0.004442346176354603,Vendre
2026-02-19 03:00:00,66835.2,66997.07,66727.27,66980.91,262.07528,0.0021801386095949837,67166.23666666666,0.004364164756266444,Vendre
2026-02-19 04:00:00,66980.91,67070.56,66759.0,66802.75,389.01702,-0.002659862339881691,67123.70375,0.004330125758060215,Vendre
2026-02-19 05:00:00,66802.74,66893.06,66679.76,66871.35,253.79395,0.0010269038325518842,67091.06000000001,0.004323730797661817,Vendre
2026-02-19 06:00:00,66871.34,67290.4,66865.43,67150.12,468.59633,0.004168750892571849,67061.87666666666,0.004374499820206161,Vendre
2026-02-19 07:00:00,67150.12,67320.0,67028.7,67206.45,481.75258,0.0008388667064185285,67024.37708333334,0.004292413614575107,Vendre
2026-02-19 08:00:00,67206.45,67206.45,66785.56,66966.12,559.76369,-0.0035759960539502034,66975.76458333334,0.004331039766000224,Vendre
2026-02-19 09:00:00,66966.12,67191.83,66754.23,66836.0,463.29328,-0.0019430721087020375,66920.69,0.004331729964955612,Vendre
2026-02-19 10:00:00,66836.01,66958.4,66741.77,66843.08,368.25421,0.00010593093542410337,66880.76583333332,0.004230534957027798,Vendre
2026-02-19 11:00:00,66843.08,66936.42,66478.02,66496.02,488.02461,-0.005192160504871923,66844.36041666666,0.004167196064945922,Vendre
2026-02-19 12:00:00,66496.03,66680.7,66325.34,66516.67,484.41025,0.0003105449017850592,66805.13583333333,0.004152905550185913,Vendre
2026-02-19 13:00:00,66516.67,66556.59,65763.0,65913.37,1377.50527,-0.009069906836887687,66749.98958333333,0.00447263976486302,Vendre
2026-02-19 14:00:00,65913.38,66662.3,65631.83,66421.2,1506.37269,0.007704506688096746,66716.54958333333,0.0047992524250829735,Vendre
2026-02-19 15:00:00,66421.2,66755.39,65966.0,66398.0,1083.30553,-0.00034928607131456957,66662.54916666666,0.004527733533914963,Vendre
2026-02-19 16:00:00,66398.01,66514.95,65899.25,66293.53,940.96239,-0.0015733907647821344,66627.05708333333,0.004257484751354228,Vendre
2026-02-19 17:00:00,66293.53,67049.99,66173.15,66369.42,899.04062,0.001144757263642493,66592.975,0.004264879869171269,Vendre
2026-02-19 18:00:00,66369.42,67073.13,66228.49,67030.49,865.51701,0.009960460706150531,66620.9125,0.003997694765865544,Vendre
2026-02-19 19:00:00,67030.5,67198.1,66700.0,67050.0,706.47789,0.00029106157511304964,66657.28166666666,0.003940217297690445,Vendre
2026-02-19 20:00:00,67050.0,67166.98,66823.03,67149.11,444.88336,0.0014781506338552575,66693.97833333333,0.003941173386813114,Vendre
2026-02-19 21:00:00,67149.11,67168.86,66900.92,66916.51,265.40447,-0.003463932731200825,66717.88458333333,0.0040229445439329235,Vendre
2026-02-19 22:00:00,66916.51,67000.0,66652.34,66915.14,854.02212,-2.0473273337096032e-05,66738.98125,0.004021382526315885,Vendre
2026-02-19 23:00:00,66915.15,67023.61,66814.76,67003.73,304.63969,0.001323915634040329,66761.595,0.004025565994611125,Vendre
2026-02-20 00:00:00,67003.73,67486.62,66949.41,67228.91,595.00262,0.003360708426232595,66794.19583333333,0.004069774726210424,Vendre
2026-02-20 01:00:00,67228.91,67355.79,67150.0,67279.9,313.31598,0.0007584534689017985,66811.41583333333,0.0038773325586148916,Vendre
2026-02-20 02:00:00,67279.91,67347.76,67181.28,67242.03,232.09759,-0.0005628724180624101,66828.36708333333,0.003878144079974168,Vendre
2026-02-20 03:00:00,67242.03,67488.67,67241.24,67366.25,332.50492,0.001847356482247875,66844.42291666666,0.0038715700081164077,Vendre
2026-02-20 04:00:00,67366.25,67402.23,67115.38,67264.83,362.39174,-0.0015055016421426926,66863.67625,0.003840946032886478,Vendre
2026-02-20 05:00:00,67264.83,68006.0,67203.19,67790.1,1107.38598,0.007808984279005893,66901.9575,0.004135387307683904,Vendre
2026-02-20 06:00:00,67790.11,67894.2,67660.12,67847.47,482.66553,0.0008462887648785777,66931.01375,0.004064930335465358,Vendre
2026-02-20 07:00:00,67847.47,67990.0,67767.4,67825.91,459.03505,-0.00031777161329671344,66956.82458333333,0.004066832980044311,Vendre
2026-02-20 08:00:00,67825.91,67950.85,67747.33,67879.99,290.00035,0.0007973354135610844,66994.9025,0.003978405944289041,Vendre
2026-02-20 09:00:00,67879.99,68230.01,67879.99,68218.85,996.7879,0.004992045520336719,67052.52125,0.004039143548230985,Vendre
2026-02-20 10:00:00,68218.85,68318.39,67843.42,67948.99,638.74258,-0.003955798140836464,67098.60083333334,0.0041555905754116955,Vendre
2026-02-20 11:00:00,67948.99,67983.91,67280.6,67318.41,1489.10389,-0.009280196806457308,67132.86708333333,0.004478510788936985,Vendre
2026-02-20 12:00:00,67318.41,67594.0,67276.41,67541.77,603.15784,0.003317963095087917,67175.57958333332,0.004514271262098924,Vendre
2026-02-20 13:00:00,67541.78,67541.78,66280.2,66801.62,7078.59491,-0.010958403962466612,67212.59000000001,0.004703505269548976,Attendre
2026-02-20 14:00:00,66801.62,67317.5,66532.87,67069.65,5263.48808,0.004012327844743924,67239.60875,0.004516624287166203,Attendre
2026-02-20 15:00:00,67069.65,68083.98,66536.64,67582.95,3143.21056,0.007653238089061265,67288.98166666667,0.004747275673969995,Attendre
2026-02-20 16:00:00,67582.95,67921.7,67283.24,67795.47,1312.90303,0.0031445801048934907,67351.5625,0.004744647391621458,Attendre
2026-02-20 17:00:00,67795.48,67795.48,66952.11,67613.37,6085.1555,-0.0026860201721443655,67403.39375,0.004801717212796507,Attendre
2026-02-20 18:00:00,67613.38,68000.0,67466.11,67924.21,1321.6326,0.0045973155900971285,67440.63208333333,0.004469443484184857,Acheter
2026-02-20 19:00:00,67924.22,68000.0,67548.85,67646.03,854.45567,-0.004095446969497485,67465.46666666666,0.004569556984785346,Acheter
2026-02-20 20:00:00,67646.03,67885.55,67520.3,67750.4,685.93834,0.0015428843348235244,67490.52041666667,0.004570253128444524,Acheter
2026-02-20 21:00:00,67750.4,67840.0,67639.29,67825.87,451.92527,0.001113941762705517,67528.41041666667,0.0044977359181715415,Attendre
2026-02-20 22:00:00,67825.87,68116.6,67639.31,68078.13,669.63597,0.003719229845485339,67576.86833333333,0.00454088012922638,Attendre
2026-02-20 23:00:00,68078.13,68233.99,67914.0,68020.01,582.73901,-0.0008537249774634992,67619.21333333333,0.004550204191288143,Attendre
2026-02-21 00:00:00,68020.0,68051.16,67787.19,67841.0,537.54494,-0.0026317255760472946,67644.71708333334,0.004558672817196847,Attendre
2026-02-21 01:00:00,67841.0,68005.99,67841.0,67951.24,250.62697,0.0016249760469333463,67672.68958333334,0.004565163845712046,Attendre
2026-02-21 02:00:00,67951.25,68099.54,67913.3,68001.05,224.56497,0.0007330256224904463,67704.31541666666,0.004560647969238667,Attendre
2026-02-21 03:00:00,68001.04,68001.04,67534.69,67667.77,569.35853,-0.004901100791826041,67716.87875,0.004679036874040354,Attendre
2026-02-21 04:00:00,67667.77,67846.88,67593.99,67816.97,228.62441,0.0022048901567170986,67739.88458333333,0.00468164927975736,Attendre
2026-02-21 05:00:00,67816.98,67888.4,67799.7,67851.93,141.24714,0.0005155051899250473,67742.46083333333,0.0044050481938319765,Attendre
2026-02-21 06:00:00,67851.93,67924.39,67750.96,67793.38,228.15051,-0.0008629083947941929,67740.20708333333,0.004405385717112578,Attendre
2026-02-21 07:00:00,67793.39,67884.74,67749.59,67856.01,118.21011,0.000923836516190768,67741.46125000001,0.004409073510182229,Attendre
2026-02-21 08:00:00,67856.01,68079.41,67807.3,68055.03,293.16321,0.0029329752810400844,67748.75458333334,0.004446669928656956,Attendre
2026-02-21 09:00:00,68055.04,68314.54,67978.9,68147.53,599.79254,0.0013591941697770338,67745.78291666666,0.0043338996236664375,Attendre
2026-02-21 10:00:00,68147.54,68250.0,68139.65,68215.54,212.21766,0.0009979818784333627,67756.88916666666,0.004256296177729207,Attendre
2026-02-21 11:00:00,68215.55,68283.34,68084.0,68092.45,279.32431,-0.0018044275541906352,67789.14083333334,0.0037815640145031104,Attendre
2026-02-21 12:00:00,68092.45,68218.2,67915.0,68203.42,307.88407,0.0016296960969974794,67816.70958333333,0.003742037829191903,Attendre
2026-02-21 13:00:00,68203.42,68260.0,68106.89,68259.99,202.25945,0.0008294305476177488,67877.47499999999,0.0028524628329765446,Attendre
2026-02-21 14:00:00,68259.99,68644.0,68180.53,68450.01,880.51744,0.0027837683539067015,67934.99,0.0028048857239385216,Attendre
2026-02-21 15:00:00,68450.01,68698.7,68417.0,68615.0,427.6444,0.0024103721825607938,67977.99208333333,0.002431552512259875,Attendre
2026-02-21 16:00:00,68615.01,68630.76,68101.78,68322.6,658.4992,-0.004261458864679657,67999.95583333333,0.0025654135011869924,Vendre
2026-02-21 17:00:00,68322.61,68474.01,68200.0,68437.45,212.23015,0.0016809957466488168,68034.2925,0.0024964387624044643,Vendre
2026-02-21 18:00:00,68437.45,68644.0,68383.08,68574.0,320.28262,0.0019952525992712467,68061.36708333333,0.002364110756409255,Attendre
2026-02-21 19:00:00,68573.99,68658.5,68526.81,68543.51,219.15242,-0.0004446291597399732,68098.76208333333,0.002171959241696711,Attendre
2026-02-21 20:00:00,68543.51,68605.63,68190.0,68211.19,369.37236,-0.004848307301449695,68117.96166666667,0.002422489904574574,Attendre
2026-02-21 21:00:00,68211.19,68390.93,68183.1,68379.95,170.62817,0.0024740808656174007,68141.04833333332,0.0024583628113832904,Attendre
2026-02-21 22:00:00,68379.95,68437.56,67900.0,67972.0,378.72918,-0.005965930071607173,68136.62625,0.002666022952494574,Attendre
2026-02-21 23:00:00,67972.0,68124.54,67941.02,67975.93,202.81655,5.781792502790317e-05,68134.78958333333,0.002660735166481874,Attendre
2026-02-22 00:00:00,67975.93,68060.4,67809.78,67946.0,294.60551,-0.00044030291310459546,68139.16458333333,0.002604344573896563,Attendre
2026-02-22 01:00:00,67946.0,68171.46,67945.99,68159.31,265.09117,0.0031394048214758996,68147.83416666667,0.0026614376062589966,Attendre
2026-02-22 02:00:00,68159.32,68222.16,67872.76,67909.68,289.41881,-0.00366244904767965,68144.02708333333,0.002767323254265157,Attendre
2026-02-22 03:00:00,67909.67,68062.03,67824.9,68041.43,265.36653,0.00194007687858333,68159.59625,0.00259300943883235,Attendre
2026-02-22 04:00:00,68041.42,68086.0,67966.52,67983.5,199.56269,-0.0008513930409750348,68166.535,0.0025668589377752945,Attendre
2026-02-22 05:00:00,67983.5,68011.75,67881.81,67977.52,154.76424,-8.796252031739726e-05,68171.76791666668,0.002565621954429997,Attendre
2026-02-22 06:00:00,67977.52,68178.79,67972.89,68038.13,303.09242,0.0008916182879281642,68181.96583333334,0.002562575159251168,Attendre
2026-02-22 07:00:00,68038.14,68095.57,67990.5,68005.3,266.37265,-0.00048252354966249467,68188.18625,0.00256026824124134,Attendre
2026-02-22 08:00:00,68005.3,68019.46,67912.02,67950.1,183.6609,-0.0008117014409170231,68183.81416666666,0.002492999083330987,Attendre
2026-02-22 09:00:00,67950.11,68101.46,67948.74,68053.32,173.06503,0.0015190558954292221,68179.88875,0.0024971695344191544,Attendre
2026-02-22 10:00:00,68053.33,68153.2,68012.78,68129.56,204.92643,0.001120298025136579,68176.30625000001,0.0024995349623984113,Vendre
2026-02-22 11:00:00,68129.57,68245.0,68129.56,68219.97,171.48901,0.001327030440237742,68181.61958333333,0.0024856398360742723,Vendre
2026-02-22 12:00:00,68219.97,68232.4,67871.59,67928.22,372.42816,-0.004276606981797215,68170.15291666666,0.002614667822141468,Vendre
2026-02-22 13:00:00,67928.23,68040.8,67571.08,67652.38,679.59468,-0.004060757075630694,68144.83583333333,0.0027221249813469926,Vendre
2026-02-22 14:00:00,67652.38,67682.47,67353.75,67443.89,825.57077,-0.003081783671173177,68102.91416666667,0.0026898824502071686,Vendre
2026-02-22 15:00:00,67443.89,67813.2,67303.5,67684.14,653.6397,0.003562220387940185,68064.12833333334,0.0027556495967523144,Vendre
2026-02-22 16:00:00,67684.15,67718.13,67513.83,67632.76,299.2772,-0.0007591143213167006,68035.385,0.002641787940463774,Vendre
2026-02-22 17:00:00,67632.76,67635.22,67190.0,67384.49,691.10182,-0.003670854183682404,67991.51166666667,0.002682348580336671,Vendre
2026-02-22 18:00:00,67384.48,67461.41,67313.54,67422.62,362.52705,0.000565857217291299,67943.53749999999,0.002636717481381604,Vendre
2026-02-22 19:00:00,67422.63,67488.7,67403.37,67428.32,222.75597,8.454136015489944e-05,67897.07125,0.002641171580057444,Vendre
2026-02-22 20:00:00,67428.32,67491.96,67350.0,67401.74,272.50364,-0.0003941963851390451,67863.34416666666,0.002487556136358281,Vendre
2026-02-22 21:00:00,67401.74,67643.94,67401.74,67612.66,235.86316,0.0031292960686177818,67831.37375,0.0025248660172111294,Vendre
2026-02-22 22:00:00,67612.66,67751.44,67485.34,67666.16,369.66378,0.0007912719304343785,67818.63041666667,0.0022464129897696475,Vendre
2026-02-22 23:00:00,67666.16,67730.98,67469.58,67643.4,418.79352,-0.0003363571983397984,67804.77500000001,0.002245997875109498,Vendre
2026-02-23 00:00:00,67643.39,67684.86,66715.01,66740.47,765.22691,-0.013348382842967577,67754.54458333334,0.0035006500908677757,Attendre
2026-02-23 01:00:00,66740.47,66740.47,64290.71,64427.65,7324.06208,-0.03465393635975289,67599.05875000001,0.007682466478056734,Acheter
2026-02-23 02:00:00,64427.64,64916.85,64325.98,64783.56,1843.2569,0.005524180999927797,67468.80375,0.007839635282505917,Attendre
2026-02-23 03:00:00,64783.56,65079.79,64700.0,64934.17,1090.11911,0.0023248182100521486,67339.33458333333,0.007848285254246455,Attendre
2026-02-23 04:00:00,64934.18,65040.29,64685.64,64808.31,792.86138,-0.0019382707132469257,67207.03499999999,0.00784501237468253,Attendre
2026-02-23 05:00:00,64808.31,65294.8,64796.85,65070.9,1215.1894,0.004051795209595754,67085.92583333333,0.007933001543520635,Attendre
2026-02-23 06:00:00,65070.9,65802.09,65033.9,65757.32,1085.08146,0.010548801384336226,66990.89208333334,0.008310775332307405,Vendre
2026-02-23 07:00:00,65757.33,66015.22,65641.55,65958.94,1026.69503,0.003066122524458148,66905.62708333334,0.008358977219429341,Vendre
2026-02-23 08:00:00,65958.94,65958.94,65565.78,65676.44,895.54696,-0.004282967555270023,66810.89125,0.008381278772469176,Vendre
2026-02-23 09:00:00,65676.44,66456.5,65672.76,66404.91,974.96031,0.011091800956324782,66742.2075,0.008745263169124023,Vendre
2026-02-23 10:00:00,66404.92,66600.0,66220.0,66319.69,789.042,-0.0012833388374444699,66666.79625,0.00873387311116342,Vendre
2026-02-23 11:00:00,66319.69,66487.37,66114.22,66207.23,534.45165,-0.0016957256585488079,66582.93208333333,0.008719374045581063,Vendre
2026-02-23 12:00:00,66207.23,66511.51,65886.51,66280.4,754.07687,0.0011051663088759156,66514.27291666667,0.008706274454297745,Vendre
2026-02-23 13:00:00,66280.4,66430.52,66103.35,66132.66,807.41354,-0.0022290149124023495,66450.95125,0.00868615203378615,Attendre
2026-02-23 14:00:00,66132.65,66264.95,65529.73,65923.53,971.74614,-0.003162280180473709,66387.60291666667,0.008687042790670101,Vendre
2026-02-23 15:00:00,65923.52,66250.0,65579.53,65660.1,1263.10354,-0.0039959935397876345,66303.26791666666,0.008654698461465958,Attendre
2026-02-23 16:00:00,65660.1,65724.28,65178.83,65364.65,1502.46383,-0.004499688547535019,66208.76333333332,0.008679536776529068,Attendre
2026-02-23 17:00:00,65364.66,65451.01,64152.04,64813.26,2524.7894,-0.008435599364488233,66101.62874999999,0.008787944022923785,Attendre
2026-02-23 18:00:00,64813.27,65194.51,64586.0,64635.49,994.68933,-0.0027428029387813746,65985.49833333334,0.008778729211743252,Attendre
2026-02-23 19:00:00,64635.49,64855.18,64048.71,64295.1,2158.00321,-0.005266301841294951,65854.9475,0.008798830355480444,Acheter
2026-02-23 20:00:00,64295.11,64487.94,63888.79,64473.14,1313.21455,0.0027691068215152104,65732.9225,0.008846602580210366,Acheter
2026-02-23 21:00:00,64473.14,64783.54,64459.44,64580.66,593.24685,0.001667671219363731,65606.58916666667,0.008816091428800316,Acheter
2026-02-23 22:00:00,64580.66,65035.98,64555.59,64725.56,1451.85665,0.002243705778169458,65484.06416666667,0.008840121278484912,Acheter
2026-02-23 23:00:00,64725.56,64900.63,64538.9,64656.02,404.81213,-0.001074382361465842,65359.59,0.008836049250943258,Acheter
2026-02-24 00:00:00,64656.01,65026.75,64656.01,64941.43,437.59997,0.004414283465020041,65284.630000000005,0.00857030171032346,Acheter
2026-02-24 01:00:00,64941.42,64941.42,63433.84,64160.27,2402.75927,-0.012028684924246358,65273.489166666666,0.0053636925406448325,Acheter
2026-02-24 02:00:00,64160.26,64500.0,64000.0,64109.81,599.63527,-0.0007864680120579504,65245.41625,0.005225860741630872,Acheter
2026-02-24 03:00:00,64109.8,64109.8,63342.9,63595.51,1312.76931,-0.00802217320562948,65189.63874999999,0.005412823802491635,Acheter
2026-02-24 04:00:00,63595.51,63628.52,62868.69,63378.84,2096.9105,-0.0034070015320264435,65130.07750000001,0.005433882524737546,Acheter
2026-02-24 05:00:00,63378.84,63551.58,62700.8,63104.79,1274.07037,-0.004323998356549175,65048.15625,0.00536962539368618,Acheter
2026-02-24 06:00:00,63104.79,63322.28,62900.0,63082.79,677.94768,-0.00034862646718258894,64936.717500000006,0.004752616593804759,Acheter
2026-02-24 07:00:00,63082.79,63367.2,62866.42,63192.96,890.96125,0.0017464351212113094,64821.46833333333,0.004702228097337099,Acheter
2026-02-24 08:00:00,63192.79,63444.66,63009.92,63392.15,669.14656,0.003152091625396203,64726.28958333333,0.004774032605513105,Acheter
2026-02-24 09:00:00,63392.15,63411.8,62908.92,63249.99,657.17066,-0.00224254895913778,64594.83458333334,0.003955064126154389,Acheter
2026-02-24 10:00:00,63250.0,63369.71,63112.7,63284.5,447.19211,0.0005456127344842798,64468.368333333325,0.003987335422331818,Acheter
2026-02-24 11:00:00,63284.51,63317.95,63063.63,63227.1,461.08382,-0.0009070151458888676,64344.19625,0.0039927033220379165,Acheter
2026-02-24 12:00:00,63227.11,63343.59,62965.21,62969.05,642.15852,-0.004081319560757857,64206.223333333335,0.003962685659813094,Acheter
2026-02-24 13:00:00,62969.04,63100.0,62510.28,62900.0,2362.19948,-0.001096570458026691,64071.529166666674,0.003968139495089371,Acheter
2026-02-24 14:00:00,62900.01,63834.21,62762.03,63453.99,1408.18955,0.008807472178060438,63968.631666666675,0.0045373789925055134,Acheter
2026-02-24 15:00:00,63454.0,64031.76,63300.0,63973.97,1127.10688,0.008194598952721455,63898.37625,0.00492123138753307,Acheter
2026-02-24 16:00:00,63973.98,64428.9,63689.54,64265.52,1423.20973,0.004557322298428534,63852.57916666667,0.00499366500852081,Acheter
2026-02-24 17:00:00,64265.53,64520.0,64042.8,64219.71,1017.32505,-0.0007128239217545351,63827.84791666667,0.004714144914589956,Acheter
2026-02-24 18:00:00,64219.7,64500.0,63872.72,64435.06,809.89318,0.0033533318664940026,63819.49666666667,0.004745015668864013,Acheter
2026-02-24 19:00:00,64435.05,64743.11,64250.52,64435.03,722.29463,-4.6558504018801017e-07,63825.32708333333,0.004616646104046072,Acheter
2026-02-24 20:00:00,64435.03,64591.99,64318.03,64472.9,409.22444,0.000587723789373662,63825.317083333335,0.004583181534549558,Attendre
2026-02-24 21:00:00,64472.9,64472.9,63820.5,64042.66,576.40912,-0.006673191371878717,63802.900416666664,0.0047646564291093955,Acheter
2026-02-24 22:00:00,64042.66,64227.81,63973.79,64120.95,288.16182,0.0012224663997402185,63777.70833333332,0.004745121328896619,Attendre
2026-02-24 23:00:00,64120.96,64248.65,63853.99,64058.15,389.41705,-0.00097939908875333,63752.79708333334,0.0047445567228214585,Acheter
2026-02-25 00:00:00,64058.15,64319.29,63913.27,64224.3,292.38037,0.002593737096684867,63722.916666666664,0.00467873309643664,Acheter
2026-02-25 01:00:00,64224.29,66300.0,64145.2,65896.75,2840.08056,0.026040766501152834,63795.27,0.006629799279285381,Attendre
2026-02-25 02:00:00,65896.74,66310.0,65866.66,65884.83,1252.91602,-0.00018088904232760328,63869.229166666664,0.006623320922584223,Attendre
2026-02-25 03:00:00,65884.84,65955.87,65350.28,65391.73,801.79518,-0.007484272176159545,63944.07166666666,0.00659173550514396,Acheter
2026-02-25 04:00:00,65391.74,65650.0,65116.65,65457.99,723.49717,0.0010132779787290769,64030.70291666666,0.0065193009881030295,Acheter
2026-02-25 05:00:00,65458.0,65511.21,64755.26,64882.76,831.61343,-0.008787773654522435,64104.784999999996,0.0067483404588488125,Acheter
2026-02-25 06:00:00,64882.77,65124.04,64865.78,64898.22,394.76962,0.00023827593030878447,64180.42791666667,0.00674362201663973,Acheter
2026-02-25 07:00:00,64898.22,65193.25,64781.18,65028.3,682.59011,0.0020043693031950305,64256.900416666664,0.006744728768761984,Attendre
2026-02-25 08:00:00,65028.3,65586.87,64955.79,65530.49,694.36389,0.007722637682362921,64345.99791666667,0.006865243952594259,Attendre
2026-02-25 09:00:00,65530.48,65692.62,65396.47,65558.71,545.80832,0.00043063923373698465,64442.19458333334,0.0068250491915747636,Attendre
2026-02-25 10:00:00,65558.71,65648.74,65345.0,65400.87,315.12553,-0.002407612962488148,64530.37666666667,0.0068698001389884255,Attendre
2026-02-25 11:00:00,65400.87,65485.91,65200.8,65430.04,442.6001,0.00044601853155779025,64622.16583333333,0.006855633482639518,Attendre
2026-02-25 12:00:00,65430.04,66240.0,65324.62,66068.94,1316.71816,0.009764627990445973,64751.32791666666,0.0069518010035300405,Attendre
2026-02-25 13:00:00,66068.94,66684.1,66025.39,66248.62,1860.04287,0.0027195835138265068,64890.85375,0.006920817835715009,Attendre
2026-02-25 14:00:00,66248.63,67009.78,66202.66,66973.2,2180.16784,0.01093728442947195,65037.487499999996,0.00702231997564302,Attendre
2026-02-25 15:00:00,66973.19,67578.0,66715.13,67412.33,2522.90832,0.006556801825207792,65180.7525,0.006970056863102757,Acheter
2026-02-25 16:00:00,67412.32,68332.0,67404.0,68297.35,2059.42933,0.013128458844249957,65348.745416666665,0.007307161876166898,Attendre
2026-02-25 17:00:00,68297.35,68879.96,68016.53,68674.2,2463.18666,0.005517783632893458,65534.34916666666,0.007296357462152353,Attendre
2026-02-25 18:00:00,68674.2,69550.0,68373.33,69328.07,2105.00773,0.009521334067233544,65738.22458333333,0.007423353661272052,Attendre
2026-02-25 19:00:00,69328.06,69406.93,68764.94,69038.26,1672.83962,-0.00418026926178694,65930.02583333333,0.007546783556439451,Attendre
2026-02-25 20:00:00,69038.26,69374.95,68619.22,69148.69,1076.93003,0.0015995478449197797,66124.85041666667,0.007536086273479666,Attendre
2026-02-25 21:00:00,69148.69,69988.83,68773.83,68919.72,1562.1195,-0.003311270249660603,66328.06125,0.007379072933121441,Attendre
2026-02-25 22:00:00,68919.72,69176.0,68055.91,68432.13,1092.88431,-0.007074753060517303,66507.69375,0.0076593480979265,Attendre
2026-02-25 23:00:00,68432.13,68696.97,67600.0,67988.04,1020.21792,-0.0064894955045241565,66671.43916666666,0.007855835145595656,Attendre
2026-02-26 00:00:00,67988.04,68539.17,67727.52,68335.99,1134.56842,0.005117811897504598,66842.75958333333,0.007873833915727968,Attendre
2026-02-26 01:00:00,68335.99,68700.0,68210.35,68248.3,619.19035,-0.0012832184036553063,66940.74083333333,0.0061199848974401285,Attendre
2026-02-26 02:00:00,68248.3,68351.0,67779.93,68257.45,833.1941,0.00013406927352033193,67039.6,0.006116605413614439,Attendre
2026-02-26 03:00:00,68257.46,68379.59,68044.18,68216.86,408.51743,-0.0005946603630812008,67157.31375,0.005832010183140871,Attendre
2026-02-26 04:00:00,68216.87,68860.0,68179.62,68571.36,587.55874,0.005196662525950302,67287.0375,0.005870483272968481,Attendre
2026-02-26 05:00:00,68571.36,68571.37,68127.58,68443.81,486.81983,-0.0018601060267727787,67435.41458333335,0.005476411654260608,Attendre
2026-02-26 06:00:00,68443.82,68522.0,68042.9,68176.75,618.63359,-0.0039018868178144483,67572.02,0.005605984088809721,Attendre
2026-02-26 07:00:00,68176.75,68290.18,67817.87,67825.04,840.14406,-0.00515879680389586,67688.55083333334,0.00579709123176496,Attendre
2026-02-26 08:00:00,67825.05,68236.0,67792.0,67954.01,761.69108,0.0019015101207460194,67789.53083333334,0.005657394048662181,Attendre
2026-02-26 09:00:00,67954.0,68644.59,67933.25,68589.41,1095.31619,0.009350441570703527,67915.81,0.00587101742393822,Vendre
2026-02-26 10:00:00,68589.41,68722.64,68257.64,68301.62,688.66072,-0.004195837229100108,68036.67458333333,0.005939032134495862,Vendre
2026-02-26 11:00:00,68301.61,68404.25,67965.46,68051.31,722.94931,-0.003664773983398928,68145.89416666667,0.006039020028352359,Attendre
2026-02-26 12:00:00,68051.3,68303.83,68009.88,68171.56,642.07881,0.0017670490105186065,68233.50333333334,0.005787517353670441,Attendre
2026-02-26 13:00:00,68171.55,68213.98,67848.69,67905.35,698.96783,-0.0039050008537283576,68302.53374999999,0.005875283065028167,Attendre
2026-02-26 14:00:00,67905.34,68272.21,67264.22,67697.74,1769.26733,-0.0030573437880815346,68332.72291666667,0.005535580023117111,Attendre
2026-02-26 15:00:00,67696.89,67743.36,66761.16,67382.0,2095.8814,-0.004663966625769289,68331.45916666667,0.005472016100146732,Attendre
2026-02-26 16:00:00,67382.0,67566.85,66500.0,66643.55,2050.20093,-0.010959158232168753,68262.55083333333,0.005158551568777095,Acheter
2026-02-26 17:00:00,66643.56,67044.1,66600.46,66826.8,885.82755,0.002749703459674624,68185.57583333334,0.005035783838163456,Acheter
2026-02-26 18:00:00,66826.8,67373.9,66575.73,67310.53,1058.47196,0.0072385629717417466,68101.51166666667,0.004843886845876554,Attendre
2026-02-26 19:00:00,67310.53,67903.12,67285.99,67589.22,1235.95013,0.004140362585170587,68041.135,0.004919861955902616,Attendre
2026-02-26 20:00:00,67589.21,67831.11,67269.42,67414.07,597.88987,-0.0025913895736626724,67968.85916666668,0.004902674889190423,Attendre
2026-02-26 21:00:00,67414.07,67575.97,67150.14,67463.65,299.84732,0.0007354547796918354,67908.18958333334,0.004890971080438307,Attendre
2026-02-26 22:00:00,67463.65,67630.22,67301.75,67572.3,291.6336,0.0016104969120409596,67872.36333333333,0.0047312293371016495,Attendre
2026-02-26 23:00:00,67572.3,67656.11,67390.65,67485.18,314.51737,-0.0012892856984297874,67851.41083333333,0.004561810118599077,Attendre
2026-02-27 00:00:00,67485.19,67537.84,67000.0,67226.5,462.9103,-0.0038331378830136487,67805.18208333333,0.004464532148745885,Attendre
2026-02-27 01:00:00,67226.5,67398.86,66885.0,67352.26,818.15438,0.0018706908733905347,67767.84708333333,0.004492099127314846,Attendre
2026-02-27 02:00:00,67352.26,67546.15,67263.56,67266.58,463.09611,-0.0012721176691026237,67726.56083333334,0.004492083899400048,Attendre
2026-02-27 03:00:00,67266.58,67712.16,67099.71,67600.84,415.67371,0.004969183805687782,67700.89333333334,0.00463367866289032,Attendre
2026-02-27 04:00:00,67600.84,68216.8,67578.67,67747.49,1318.53811,0.002169351741783121,67666.56541666666,0.004515315336351436,Attendre
2026-02-27 05:00:00,67747.49,67924.0,67683.3,67724.99,411.56603,-0.0003321156252430457,67636.61458333333,0.004505974700725702,Attendre
2026-02-27 06:00:00,67725.0,67823.9,67525.46,67658.14,398.60368,-0.0009870802491075414,67615.00583333333,0.00444722877498978,Attendre
2026-02-27 07:00:00,67658.14,67774.48,67459.3,67690.6,896.56486,0.0004797648886003536,67609.40416666667,0.004327179858589674,Acheter
2026-02-27 08:00:00,67690.6,68079.83,67655.86,67926.24,712.98047,0.0034811332740438683,67608.24708333334,0.004370327631373958,Acheter
2026-02-27 09:00:00,67926.25,68149.93,67284.22,67355.73,1377.2902,-0.008398963346123778,67556.84375,0.004216943548522006,Acheter
2026-02-27 10:00:00,67355.72,67416.78,66574.0,66604.91,1414.83211,-0.011147084294090392,67486.1475,0.004677643457044558,Acheter
2026-02-27 11:00:00,66604.9,66778.68,65960.01,66126.99,1399.59256,-0.007175446975305588,67405.9675,0.004816228568159429,Acheter
2026-02-27 12:00:00,66126.99,66217.42,65734.71,65928.01,1855.03329,-0.003009058782200924,67312.48625,0.004787607380475934,Acheter
2026-02-27 13:00:00,65928.01,66344.9,65649.34,66270.55,1278.55317,0.005195667213374167,67244.36958333333,0.004937183210782503,Acheter
2026-02-27 14:00:00,66270.55,66334.87,65686.64,65887.59,1404.23206,-0.005778735803460333,67168.94666666667,0.005017017911746064,Acheter
2026-02-27 15:00:00,65887.59,66311.11,65845.18,66095.4,957.11978,0.003154008213079207,67115.33833333333,0.00503046184092688,Acheter
2026-02-27 16:00:00,66095.4,66121.03,65462.93,65475.21,1135.56487,-0.009383255113063815,67066.6575,0.004900571672878639,Acheter
2026-02-27 17:00:00,65475.21,65765.06,65113.72,65703.19,1265.39709,0.0034819285039331405,67019.84041666666,0.004925362078625216,Acheter
2026-02-27 18:00:00,65703.18,65788.07,65228.33,65314.76,623.00837,-0.005911889514040314,66936.68333333333,0.004732129371840703,Acheter
2026-02-27 19:00:00,65314.76,65457.35,65172.6,65392.18,851.95591,0.0011853369743684006,66845.14,0.004623169820485556,Acheter
2026-02-27 20:00:00,65392.18,65666.66,65392.18,65594.67,444.86468,0.003096547630007107,66769.33166666667,0.004702710931596795,Acheter
2026-02-27 21:00:00,65594.67,65749.94,65400.0,65527.59,282.6564,-0.0010226440654400593,66688.6625,0.004686074131800052,Acheter
2026-02-27 22:00:00,65527.59,65673.33,64914.46,65637.99,713.5349,0.0016847865151152774,66608.06625,0.00468803679690956,Acheter
2026-02-27 23:00:00,65638.0,65953.2,65551.67,65872.1,326.8612,0.0035666844764747907,66540.85458333333,0.0047876947119918,Acheter
2026-02-28 00:00:00,65872.09,66025.52,65721.13,65942.0,334.42449,0.0010611472839030522,66487.33375,0.004765801953809802,Acheter
2026-02-28 01:00:00,65942.01,65971.93,65743.71,65770.36,267.81274,-0.0026028934518212976,66421.42125,0.004744544832761972,Acheter
2026-02-28 02:00:00,65770.36,66018.85,65761.94,65961.13,204.09288,0.0029005466900289267,66367.0275,0.004809346165517833,Acheter
2026-02-28 03:00:00,65961.13,65982.34,65745.39,65797.42,239.41397,-0.002481916243702975,66291.885,0.004658518575228212,Acheter
2026-02-28 04:00:00,65797.42,65818.44,65488.0,65663.2,311.53682,-0.0020398976130067137,66205.03958333333,0.004608435303185474,Acheter
2026-02-28 05:00:00,65663.21,65729.65,65500.0,65591.03,300.20395,-0.001099093556207964,66116.12458333334,0.004604154274323291,Acheter
2026-02-28 06:00:00,65591.03,65591.04,63030.0,63216.01,3175.19445,-0.03620952438161129,65931.03583333334,0.008477151730747033,Acheter
2026-02-28 07:00:00,63216.01,64327.22,63038.0,63826.0,2127.97927,0.009649296119764506,65770.01083333333,0.00883023347335006,Acheter
2026-02-28 08:00:00,63825.99,63877.09,63411.39,63473.28,1118.13838,-0.005526274558957156,65584.47083333334,0.008760167319304136,Acheter
2026-02-28 09:00:00,63473.27,64005.35,63372.1,63658.54,737.11739,0.002918708470714071,65430.42124999999,0.008749368303554486,Acheter
2026-02-28 10:00:00,63658.55,64053.93,63452.64,64010.39,1633.42712,0.005527145297394398,65322.31625,0.00867905820657582,Acheter
2026-02-28 11:00:00,64010.38,64307.44,63791.25,63844.2,1245.63976,-0.0025962972573672083,65227.200000000004,0.008601547663325798,Acheter
2026-02-28 12:00:00,63844.2,64082.66,63827.2,64017.19,474.84169,0.002709564846924417,65147.5825,0.008634949188957342,Acheter
2026-02-28 13:00:00,64017.18,65216.97,63888.89,65106.44,1748.13055,0.017014961137781892,65099.07791666667,0.009324392606287509,Acheter
2026-02-28 14:00:00,65106.45,65360.51,64278.5,64435.61,1331.97244,-0.010303589015157377,65038.57874999999,0.009476144314433731,Acheter
2026-02-28 15:00:00,64435.62,65020.75,64200.0,64841.18,731.53889,0.006294190432898805,64986.31958333333,0.00955567433268624,Acheter
2026-02-28 16:00:00,64841.17,65206.25,64681.81,65094.3,500.23365,0.003903692067294351,64970.448333333334,0.009417870325341282,Acheter
2026-02-28 17:00:00,65094.29,65555.0,64828.03,65442.62,595.58409,0.005351006155684956,64959.59125,0.0094572859066512,Acheter
2026-02-28 18:00:00,65442.61,66157.61,65185.7,65911.84,830.58148,0.00716994521307357,64984.46958333333,0.009486025354042185,Acheter
2026-02-28 19:00:00,65911.83,66666.65,65602.65,66362.01,1072.73124,0.006829880640564667,65024.87916666666,0.00957530171032646,Acheter
2026-02-28 20:00:00,66362.01,67151.68,66190.61,66959.62,840.13263,0.009005302883381638,65081.75208333333,0.009715656426959152,Acheter
2026-02-28 21:00:00,66959.63,67055.56,66368.42,66723.22,934.75984,-0.003530485985434151,65131.57,0.00975070569407681,Acheter
2026-02-28 22:00:00,66723.23,67760.0,66608.82,67103.64,1310.09118,0.0057014634485565985,65192.63874999999,0.009800896846820686,Acheter
2026-02-28 23:00:00,67103.63,67210.0,66733.73,66973.26,483.13759,-0.0019429646439448334,65238.520416666666,0.009801888822117745,Acheter
2026-03-01 00:00:00,66973.26,67121.8,66620.5,66791.29,560.35194,-0.0027170545378857325,65273.9075,0.009826776222153118,Acheter
2026-03-01 01:00:00,66791.29,67703.32,66042.72,67339.36,1630.19028,0.00820571065478748,65339.2825,0.009921770028823738,Acheter
2026-03-01 02:00:00,67339.36,68199.99,67339.36,67620.65,1861.8227,0.004177200377312618,65408.42916666667,0.009935643922674152,Acheter
2026-03-01 03:00:00,67620.65,67813.33,67400.0,67502.16,637.99716,-0.0017522753774178446,65479.46,0.009925369966856893,Acheter
2026-03-01 04:00:00,67502.16,67612.14,67079.36,67346.5,631.60541,-0.0023060002820650682,65549.59749999999,0.009929194481307984,Acheter
2026-03-01 05:00:00,67346.5,67574.65,67200.0,67292.09,437.89406,-0.0008079113242708269,65620.47499999999,0.00992656414681322,Acheter
2026-03-01 06:00:00,67292.08,67345.8,66749.35,66926.68,1159.96329,-0.005430207324516156,65775.08625,0.006173488082215232,Acheter
2026-03-01 07:00:00,66926.69,67235.72,66784.58,67141.39,937.93278,0.003208137621648177,65913.2275,0.005981556991863681,Acheter
2026-03-01 08:00:00,67141.4,67292.3,66389.33,66560.14,1475.81311,-0.008657104060550425,66041.84666666666,0.006186408639147782,Acheter
2026-03-01 09:00:00,66560.14,66771.1,66246.95,66410.08,815.73368,-0.002254502469495989,66156.49416666666,0.006242832548472654,Acheter
2026-03-01 10:00:00,66410.09,66731.47,66215.71,66467.06,621.17753,0.0008580022791719877,66258.85541666667,0.006193649284574624,Acheter
2026-03-01 11:00:00,66467.07,66661.61,66372.27,66468.03,338.19615,1.4593694982245609e-05,66368.18166666667,0.006139639116312196,Acheter
2026-03-01 12:00:00,66468.04,66550.0,66241.97,66296.48,388.82935,-0.0025809400398959514,66463.15208333333,0.006196436943824428,Acheter
2026-03-01 13:00:00,66296.48,67360.57,66132.27,66934.79,1311.02111,0.009628112985787363,66539.33333333333,0.005539756821829311,Acheter
2026-03-01 14:00:00,66934.8,67320.19,66752.58,66847.8,911.62631,-0.0012996231107916811,66639.84125,0.00500840381084356,Acheter
2026-03-01 15:00:00,66847.8,67243.69,66828.6,66842.42,1028.55576,-8.048133222038345e-05,66723.22625,0.004913700504486742,Acheter
2026-03-01 16:00:00,66842.42,67112.37,65730.28,66135.45,1500.74296,-0.010576666733490558,66766.6075,0.00543839217290136,Acheter
2026-03-01 17:00:00,66135.45,66219.77,65699.98,65979.61,952.1973,-0.002356376194612708,66788.98208333332,0.005377521684284682,Acheter
2026-03-01 18:00:00,65979.61,66657.44,65979.61,66316.83,906.08265,0.005110972920270296,66805.85666666667,0.005279594531668654,Acheter
2026-03-01 19:00:00,66316.84,66345.95,65772.29,65962.17,541.15631,-0.005347963706950454,66789.19666666667,0.005206272702602405,Acheter
2026-03-01 20:00:00,65962.16,65962.16,65084.02,65300.0,961.21349,-0.010038632749650223,66720.04583333332,0.005187332099585593,Acheter
2026-03-01 21:00:00,65300.01,65756.5,65281.83,65666.2,996.50526,0.005607963246554215,66676.00333333334,0.005329433858880791,Acheter
2026-03-01 22:00:00,65666.19,66491.43,65056.0,65268.71,1763.29476,-0.006053190225717264,66599.54791666668,0.005259882278127403,Acheter
2026-03-01 23:00:00,65268.71,66080.0,65125.67,65776.47,831.95524,0.007779531723547173,66549.68166666667,0.005561225493365664,Acheter
2026-03-02 00:00:00,65776.48,66796.44,65761.04,66501.52,990.0826,0.011022938749981614,66537.60791666668,0.0060354516919410624,Acheter
2026-03-02 01:00:00,66501.52,67079.0,66358.45,66532.02,886.93071,0.0004586361334297795,66503.96875,0.00576968533525541,Acheter
2026-03-02 02:00:00,66532.02,66609.94,65890.5,66276.77,554.16265,-0.0038364985761742965,66447.97375,0.005719721449344836,Acheter
2026-03-02 03:00:00,66276.77,67037.22,66101.07,66820.03,509.4124,0.008196838801890927,66419.55166666665,0.006002780687795537,Attendre
2026-03-02 04:00:00,66820.03,66975.74,66633.13,66862.12,750.65203,0.0006299009443724302,66399.36916666666,0.005992280188601616,Attendre
2026-03-02 05:00:00,66862.11,66995.64,66547.81,66730.78,887.19458,-0.0019643409452168026,66375.98125,0.006001322877943247,Attendre
2026-03-02 06:00:00,66730.78,66739.45,66062.83,66204.9,677.75967,-0.007880621206585725,66345.90708333334,0.006111665183486897,Acheter
2026-03-02 07:00:00,66204.9,66209.46,65542.6,66007.52,1294.85905,-0.0029813503230121663,66298.66249999999,0.006081820327166877,Acheter
2026-03-02 08:00:00,66007.8,66306.0,65654.54,66282.0,1104.41132,0.004158314083001491,66287.07333333333,0.005912287270511742,Acheter
2026-03-02 09:00:00,66281.99,66720.84,66164.96,66168.62,1786.28426,-0.0017105699888356751,66277.0125,0.005904938099559446,Acheter
2026-03-02 10:00:00,66168.61,66381.74,66079.24,66316.4,436.29038,0.0022333849489379887,66270.735,0.005921645265864213,Acheter
2026-03-02 11:00:00,66316.39,66462.4,66003.59,66359.68,1034.77975,0.0006526289123052198,66266.22041666666,0.005923509787185648,Acheter
2026-03-02 12:00:00,66359.67,66391.38,65874.92,65963.43,763.09374,-0.005971246395401586,66252.34333333332,0.006026001364551987,Acheter
2026-03-02 13:00:00,65963.43,66157.28,65350.0,65440.01,1576.81345,-0.007935002773506339,66190.06083333334,0.005845264311348272,Acheter
2026-03-02 14:00:00,65440.01,67220.81,65259.21,67177.06,3015.13713,0.02654415853542802,66203.78,0.00809699827128578,Attendre
2026-03-02 15:00:00,67177.05,69617.74,66975.29,69130.2,5476.56874,0.02907450847059989,66299.10416666666,0.010008817872817967,Attendre
2026-03-02 16:00:00,69130.2,70096.0,68933.69,69428.62,3440.03188,0.004316781956366311,66436.31958333333,0.009687221432108416,Vendre
2026-03-02 17:00:00,69428.62,69578.0,68793.88,69198.0,1445.4415,-0.003321684918985768,66570.41916666667,0.009708385142692021,Vendre
2026-03-02 18:00:00,69198.0,69268.15,68727.83,68877.67,1055.7431,-0.004629180034105063,66677.12083333333,0.00977737644861474,Attendre
2026-03-02 19:00:00,68877.67,69049.32,68576.18,68966.53,886.89114,0.0012901133270042386,66802.3025,0.009664781569455678,Vendre
2026-03-02 20:00:00,68966.52,69505.0,68584.9,69106.58,1028.13825,0.0020306951792412598,66960.91,0.00932448164508722,Vendre
2026-03-02 21:00:00,69106.58,69539.77,69000.71,69413.82,441.38382,0.004445886339622174,67117.06083333334,0.009310130767120818,Vendre
2026-03-02 22:00:00,69413.82,69501.62,69136.36,69440.49,1330.59238,0.00038421743681582576,67290.885,0.009148650447145234,Vendre
2026-03-02 23:00:00,69440.48,69479.58,68740.0,68830.06,637.72978,-0.008790692577198223,67418.11791666666,0.009365388003443505,Vendre
2026-03-03 00:00:00,68830.06,69166.61,68644.38,69092.88,602.91075,0.0038183898139854122,67526.09125,0.009174922826233325,Vendre
2026-03-03 01:00:00,69092.89,69258.08,68755.0,68760.01,452.46998,-0.004817717831417823,67618.92416666666,0.00926706132488568,Vendre
2026-03-03 02:00:00,68760.01,68774.13,68210.71,68512.17,848.26905,-0.00360442065089861,67712.06583333333,0.00926146372476499,Vendre
2026-03-03 03:00:00,68512.17,68550.0,68231.47,68377.94,458.44735,-0.0019592139615486337,67776.97875,0.00917010613834635,Vendre
2026-03-03 04:00:00,68377.94,68454.63,68050.11,68123.2,436.46143,-0.003725470524558183,67829.52375000001,0.009220715995928766,Vendre
2026-03-03 05:00:00,68123.19,68617.42,67845.84,67947.75,913.85345,-0.002575480893440063,67880.23083333333,0.009229576539659279,Attendre
2026-03-03 06:00:00,67947.75,68250.24,67800.0,68106.73,821.19287,0.002339738990621454,67959.47375,0.009045904663580363,Attendre
2026-03-03 07:00:00,68106.73,68275.2,67951.24,68172.8,1165.60519,0.0009700950258515473,68049.69374999999,0.009001975329060384,Attendre
2026-03-03 08:00:00,68172.79,68311.83,66905.0,67003.3,1883.4522,-0.017154935692827666,68079.74791666666,0.009737622876155013,Attendre
2026-03-03 09:00:00,67003.3,67184.71,66340.14,66647.98,1767.88336,-0.005303022388449596,68099.72124999999,0.009800426230841376,Attendre
2026-03-03 10:00:00,66647.98,67030.75,66440.46,66860.3,1159.50732,0.0031856929497338093,68122.38375,0.009810321359546192,Attendre
2026-03-03 11:00:00,66860.3,67166.5,66779.37,67026.61,1271.91624,0.0024874252732935975,68150.1725,0.009819633877456598,Attendre
2026-03-03 12:00:00,67026.6,67973.2,67025.93,67399.85,1323.51079,0.005568534646165135,68210.02333333333,0.00977332229695553,Attendre
2026-03-03 13:00:00,67399.85,67435.0,66635.3,66931.31,709.75818,-0.006951647518503523,68272.16083333334,0.009736474873029009,Attendre
2026-03-03 14:00:00,66931.32,67603.94,66158.0,66568.95,1714.82463,-0.005413908677418644,68246.82291666667,0.008143950360898999,Attendre
2026-03-03 15:00:00,66568.95,67834.93,66471.79,67725.81,1695.1952,0.017378372349270865,68188.30666666667,0.00648847440181175,Attendre
2026-03-03 16:00:00,67725.82,68999.0,67473.09,68175.9,2581.91143,0.006645767691815019,68136.11,0.006585558176093017,Attendre
2026-03-03 17:00:00,68175.89,68400.0,67626.53,68318.66,982.14848,0.0020939950921075035,68099.47083333334,0.00658594897584406,Attendre
2026-03-03 18:00:00,68318.66,68914.01,67976.47,68628.49,974.13002,0.004535071384596856,68089.08833333333,0.00660250332478915,Vendre
2026-03-03 19:00:00,68628.5,68888.88,68312.83,68435.0,946.51026,-0.002819383028826783,68066.94125,0.006617341139448926,Attendre
2026-03-03 20:00:00,68435.0,68591.24,68092.1,68266.0,592.99873,-0.0024694966026156395,68031.91708333333,0.00661214441011122,Attendre
2026-03-03 21:00:00,68265.99,68265.99,67832.3,68024.62,519.92364,-0.003535874373773229,67974.03374999999,0.006553620903219166,Attendre
2026-03-03 22:00:00,68024.63,68524.54,68024.62,68327.2,573.87256,0.004448095410161779,67927.64666666667,0.006638081316943408,Vendre
2026-03-03 23:00:00,68327.2,68860.0,68245.64,68338.0,575.48869,0.00015806296760301208,67907.14416666667,0.0064084102581666805,Vendre
2026-03-04 00:00:00,68338.01,68413.9,67857.61,68093.19,767.61923,-0.003582340718194854,67865.49041666667,0.006380662561967629,Vendre
2026-03-04 01:00:00,68093.2,68909.34,67963.28,68405.0,1294.62328,0.004579165699242438,67850.69833333333,0.0063980898592124495,Vendre
2026-03-04 02:00:00,68405.0,68447.72,67984.56,68323.33,798.11328,-0.0011939185732037227,67842.83,0.006361071758703601,Vendre
2026-03-04 03:00:00,68323.33,68383.63,67400.0,67732.2,954.50771,-0.008651949487825106,67815.92416666668,0.006588943054381047,Attendre
2026-03-04 04:00:00,67732.19,67954.89,67467.6,67786.0,1066.3898,0.0007943046291130074,67801.87416666666,0.006553497639598509,Attendre
2026-03-04 05:00:00,67786.0,68397.84,67682.64,68206.59,666.28769,0.006204673531407634,67812.65916666666,0.006658545473902487,Attendre
2026-03-04 06:00:00,68206.58,68678.76,68048.63,68508.02,1288.48108,0.004419367688664799,67829.37958333333,0.006701272105618385,Attendre
2026-03-04 07:00:00,68508.02,69668.0,68349.49,69493.13,2067.68212,0.014379484328988168,67884.39333333334,0.007295190586779145,Vendre
2026-03-04 08:00:00,69493.14,71163.0,69098.91,71011.4,4675.3565,0.021847771139391625,68051.3975,0.007458131127832227,Vendre
2026-03-04 09:00:00,71011.4,71893.0,70724.26,71520.76,4196.19004,0.007172932796705833,68254.43000000001,0.007327887442212242,Vendre
2026-03-04 10:00:00,71520.76,71878.17,71200.0,71348.92,2079.39146,-0.002402659032146648,68441.45583333333,0.007409072839804512,Vendre
2026-03-04 11:00:00,71348.92,71499.75,70928.25,71111.4,1195.15977,-0.003328992225810956,68611.65541666666,0.007512009264953302,Vendre
2026-03-04 12:00:00,71111.4,71364.14,70588.0,71339.71,1486.53558,0.003210596331952642,68775.81625,0.007485433439514705,Vendre
2026-03-04 13:00:00,71339.72,71624.99,71214.4,71477.17,1568.2684,0.001926837100963752,68965.22708333333,0.007217962365640665,Vendre
2026-03-04 14:00:00,71477.17,72633.0,71300.1,71621.04,4139.0795,0.0020128105239756167,69175.73083333333,0.007008154753184003,Vendre
2026-03-04 15:00:00,71621.03,73479.75,71580.62,73396.88,4184.35996,0.02479494852350661,69412.02541666666,0.007786529999245866,Vendre
2026-03-04 16:00:00,73396.87,73500.0,72541.69,73294.84,2627.55973,-0.0013902498307830635,69625.31458333334,0.007812950011115998,Vendre
2026-03-04 17:00:00,73294.84,73759.99,72932.8,73218.92,2258.8783,-0.0010358164367368916,69829.49208333333,0.007855607150659328,Vendre
2026-03-04 18:00:00,73218.93,73700.0,72912.11,73693.5,1121.5369,0.00648165801953926,70040.53416666666,0.007883011723166015,Vendre
2026-03-04 19:00:00,73693.5,74050.0,73516.0,73611.1,2657.03129,-0.001118144748179839,70256.205,0.007835908326112619,Vendre
2026-03-04 20:00:00,73611.67,73716.0,73001.05,73019.68,904.52712,-0.008034386118398129,70454.275,0.008085369869044226,Vendre
2026-03-04 21:00:00,73019.69,73322.93,72878.0,73309.72,836.52696,0.0039720798557321135,70674.4875,0.00797241742173741,Vendre
2026-03-04 22:00:00,73309.73,73523.31,72638.29,72705.86,894.79856,-0.008237106893874357,70856.93166666667,0.00829670311970579,Vendre
2026-03-04 23:00:00,72705.86,72880.88,72313.04,72666.77,1190.17184,-0.0005376457963635062,71037.29708333332,0.008306903033262541,Vendre
2026-03-05 00:00:00,72666.77,73000.0,72553.65,72760.0,1004.77646,0.001282979826955133,71231.7475,0.008208375467980795,Vendre
2026-03-05 01:00:00,72759.99,73306.82,72409.1,72538.72,821.18852,-0.003041231445849335,71403.98583333332,0.008283517528166175,Vendre
2026-03-05 02:00:00,72538.72,72916.5,72336.76,72506.19,628.62779,-0.0004484501518636774,71578.27166666667,0.00827052837241081,Vendre
2026-03-05 03:00:00,72506.18,72750.0,72344.51,72497.89,668.37206,-0.00011447298499622782,71776.84208333334,0.00794676684334128,Vendre
2026-03-05 04:00:00,72497.89,73081.08,72447.96,72815.7,750.0071,0.004383713788083998,71986.41291666667,0.007939833309338668,Vendre
2026-03-05 05:00:00,72815.7,72912.82,72260.74,72412.15,1085.89796,-0.00554207403073792,72161.64458333333,0.008095306842838906,Vendre
2026-03-05 06:00:00,72412.15,72655.23,72037.56,72553.62,1063.1049,0.001953677663209863,72330.21125000001,0.008085890513406286,Vendre
2026-03-05 07:00:00,72553.63,72675.07,71759.95,72055.5,1447.01462,-0.006865543028728216,72436.97666666667,0.007880506479094227,Vendre
2026-03-05 08:00:00,72055.5,72370.21,71757.17,72333.7,1421.17898,0.003860912768629765,72492.0725,0.006619570571748647,Vendre
2026-03-05 09:00:00,72333.7,72875.85,72298.83,72591.59,1160.78148,0.0035652814663151844,72536.69041666666,0.0065083471590173915,Vendre
2026-03-05 10:00:00,72591.59,73558.15,72517.06,73388.92,1589.2678,0.010983779250461456,72621.69041666666,0.006803226368873377,Vendre
2026-03-05 11:00:00,73388.91,73449.96,72766.75,72915.79,2091.15218,-0.006446885987694162,72696.87333333334,0.006922146698685955,Vendre
2026-03-05 12:00:00,72915.8,73063.38,72666.93,72890.73,729.99152,-0.0003436841320652029,72761.49916666666,0.006912314283562648,Vendre
2026-03-05 13:00:00,72890.73,72935.3,72189.7,72467.79,1108.98859,-0.005802383924540244,72802.77500000001,0.007042166803601045,Vendre
2026-03-05 14:00:00,72467.79,72835.73,71944.18,72609.29,1446.63499,0.0019525916272595811,72843.95208333332,0.0070416512166929,Attendre
2026-03-05 15:00:00,72609.3,72770.0,71168.65,71652.77,2321.94313,-0.013173520908963399,72771.28083333332,0.005454551247824638,Attendre
2026-03-05 16:00:00,71652.77,71654.65,70786.06,71305.92,1736.25108,-0.004840706088543478,72688.40916666666,0.005510816854838135,Attendre
2026-03-05 17:00:00,71305.92,71572.0,70645.47,70704.41,1223.37093,-0.008435624980366208,72583.63791666667,0.005708709756630724,Attendre
2026-03-05 18:00:00,70703.37,71090.32,70656.63,70990.65,720.55573,0.00404840377000526,72471.01916666667,0.00558212075898457,Attendre
2026-03-05 19:00:00,70990.66,71430.78,70870.0,70918.07,626.47744,-0.0010223881595673445,72358.80958333334,0.0055824701760361015,Attendre
2026-03-05 20:00:00,70918.08,71394.45,70840.0,71236.51,496.74041,0.004490251920279187,72284.51083333333,0.005533854188418032,Attendre
2026-03-05 21:00:00,71236.51,71572.3,71023.52,71141.93,546.48691,-0.001327689972459356,72194.18625,0.005430985287161866,Attendre
2026-03-05 22:00:00,71141.93,71364.45,71074.45,71208.54,834.62565,0.0009362973425095511,72131.79791666666,0.005236125236219957,Vendre
2026-03-05 23:00:00,71208.54,71292.44,70777.0,70890.72,1067.0763,-0.004463228708241895,72057.79583333332,0.005286896530161821,Attendre
2026-03-06 00:00:00,70891.02,71047.95,70784.0,70988.19,673.4608,0.0013749331365233708,71983.97041666666,0.005288668867941657,Attendre
2026-03-06 01:00:00,70988.19,71301.74,70344.03,71257.2,1057.89391,0.0037895035779893504,71930.57375,0.005358130991072308,Attendre
2026-03-06 02:00:00,71257.2,71419.98,71036.0,71252.43,752.48392,-6.694060389689227e-05,71878.33375,0.0053595641085944145,Vendre
2026-03-06 03:00:00,71252.43,71305.42,71000.0,71080.38,548.09403,-0.0024146544896782585,71819.27083333333,0.005368958533560402,Vendre
2026-03-06 04:00:00,71080.37,71120.17,70270.21,70613.61,667.82412,-0.0065667910047751965,71727.51708333332,0.00537381772395471,Attendre
2026-03-06 05:00:00,70613.61,70658.01,70143.19,70436.19,966.11543,-0.0025125468022382247,71645.18541666666,0.005304107490562185,Attendre
2026-03-06 06:00:00,70436.18,70853.37,70261.23,70597.23,672.31367,0.0022863246862159237,71563.66916666666,0.005312966611888423,Attendre
2026-03-06 07:00:00,70597.23,71192.76,70468.97,71056.44,782.05786,0.006504646145464976,71522.04166666667,0.005385318357227604,Attendre
2026-03-06 08:00:00,71056.44,71067.58,70735.85,70789.49,569.42569,-0.003756872705697023,71457.69958333333,0.005337230745640705,Attendre
2026-03-06 09:00:00,70789.49,70808.65,70300.0,70565.56,637.9756,-0.003163322690981518,71373.28166666666,0.005269588697797922,Attendre
2026-03-06 10:00:00,70565.56,70800.0,70467.88,70527.93,469.81877,-0.0005332629685076418,71254.07375,0.004596531787036393,Attendre
2026-03-06 11:00:00,70527.93,70643.27,70184.01,70212.95,763.93539,-0.004466032109548546,71141.45541666666,0.004523774259163121,Attendre
2026-03-06 12:00:00,70212.94,70224.84,69660.0,69907.0,1907.43626,-0.004357458275147219,71017.13333333333,0.0045508577544011615,Attendre
2026-03-06 13:00:00,69907.0,70341.76,69208.0,69208.0,2069.72961,-0.009998998669661141,70881.30875,0.0047885510757555245,Attendre
2026-03-06 14:00:00,69213.18,69273.87,68176.47,68409.89,3148.50679,-0.011532048318113497,70706.33375,0.005097403141831144,Acheter
2026-03-06 15:00:00,68409.89,69100.0,68306.0,68504.71,1428.68549,0.001386056899082888,70575.16458333335,0.004610937960267278,Acheter
2026-03-06 16:00:00,68504.71,68795.44,68222.0,68446.52,955.00949,-0.0008494306449877698,70456.02291666665,0.004570561847610729,Acheter
2026-03-06 17:00:00,68446.52,68642.69,67744.78,67955.1,1236.78923,-0.007179619942693893,70341.46833333334,0.004496602920120282,Acheter
2026-03-06 18:00:00,67955.1,68476.47,67955.1,68181.2,514.98068,0.0033271969285599834,70224.40791666666,0.004459179148831898,Acheter
2026-03-06 19:00:00,68181.2,68485.01,68004.15,68131.79,617.63492,-0.0007246865704916283,70108.31291666666,0.00446147678938963,Acheter
2026-03-06 20:00:00,68131.79,68285.71,67777.0,68111.03,668.6183,-0.00030470357523260105,69978.08458333333,0.00427770619202844,Acheter
2026-03-06 21:00:00,68111.03,68333.33,67919.72,68289.1,604.80896,0.002614407681105435,69859.21666666667,0.004373598752613746,Acheter
2026-03-06 22:00:00,68289.11,68440.92,68221.38,68319.89,304.91261,0.000450877226380042,69738.85625,0.004362010003149785,Acheter
2026-03-06 23:00:00,68319.9,68371.24,68105.71,68114.02,611.37569,-0.0030133245237953243,69623.16041666667,0.004332229607476731,Acheter
2026-03-07 00:00:00,68114.02,68394.09,68105.73,68290.45,653.38105,0.0025902156413613042,69510.75458333333,0.004376058324096218,Acheter
2026-03-07 01:00:00,68290.46,68369.11,68180.95,68262.01,316.06145,-0.00041645647378218964,69385.955,0.0042325460999686456,Acheter
2026-03-07 02:00:00,68262.01,68367.73,68060.6,68350.04,316.96409,0.00128958991978112,69265.02208333333,0.004265334754677507,Attendre
2026-03-07 03:00:00,68350.05,68551.04,68095.5,68095.5,450.32011,-0.0037240651212493425,69140.65208333333,0.004282910939862208,Attendre
2026-03-07 04:00:00,68095.5,68147.73,67817.0,68063.43,621.66509,-0.0004709562305880155,69034.39458333333,0.0041656620339694745,Attendre
2026-03-07 05:00:00,68063.42,68140.49,67908.0,68018.26,493.88772,-0.0006636456611134323,68933.6475,0.004163664027120449,Acheter
2026-03-07 06:00:00,68018.27,68021.14,67612.21,67690.86,489.36583,-0.004813413339300299,68812.54875,0.004139094061104259,Acheter
2026-03-07 07:00:00,67690.86,67865.23,67446.41,67842.67,768.74899,0.0022426956903782713,68678.64166666666,0.0038513297123132003,Acheter
2026-03-07 08:00:00,67842.67,68045.07,67720.98,67795.4,465.95331,-0.0006967591340376611,68553.88791666666,0.0038384882738935473,Acheter
2026-03-07 09:00:00,67795.4,68074.97,67738.31,68000.0,332.46219,0.0030179038695841154,68446.98958333333,0.003948274516033362,Acheter
2026-03-07 10:00:00,68000.0,68102.73,67870.43,67880.31,319.42039,-0.0017601470588235468,68336.67208333332,0.003942687140462266,Acheter
2026-03-07 11:00:00,67880.31,68232.27,67841.67,68010.01,372.24149,0.0019107160824691771,68244.88291666667,0.003954975858305036,Acheter
2026-03-07 12:00:00,68010.0,68085.41,67900.01,67992.54,359.03867,-0.0002568739513492124,68165.11375,0.003906317638115778,Acheter
2026-03-07 13:00:00,67992.54,68081.16,67855.82,67931.06,318.23636,-0.0009042168449655552,68111.90791666666,0.0034215104831635925,Acheter
2026-03-07 14:00:00,67931.06,68083.79,67609.44,68016.7,473.27443,0.0012606898817713041,68095.52500000001,0.0025600501778695636,Acheter
2026-03-07 15:00:00,68016.7,68034.67,67769.89,67877.45,577.84468,-0.002047291326982892,68069.38916666668,0.002561337989733299,Acheter
2026-03-07 16:00:00,67877.45,67889.68,67702.2,67783.63,349.2691,-0.0013821968857108402,68041.76875,0.0025678831753169055,Acheter
2026-03-07 17:00:00,67783.63,67935.01,67768.97,67788.41,217.68104,7.051850129591308e-05,68034.82333333333,0.0021240155719786844,Acheter
2026-03-07 18:00:00,67788.4,67788.41,67480.0,67568.13,1180.24782,-0.0032495230379352424,68009.27875,0.002086526301736081,Acheter
2026-03-07 19:00:00,67568.13,67572.35,66915.26,67080.34,1312.2302,-0.00721923190711371,67965.46833333334,0.0025117710503340085,Acheter
2026-03-07 20:00:00,67080.33,67437.5,67068.01,67402.98,590.47118,0.004809754989315795,67935.96625,0.002747753663971797,Acheter
2026-03-07 21:00:00,67402.98,67483.05,67281.34,67452.98,638.99995,0.0007418069646178971,67901.12791666666,0.002683327768670002,Acheter
2026-03-07 22:00:00,67452.97,67469.87,67101.31,67258.65,706.81324,-0.002880969825202695,67856.90958333333,0.0027174413788105755,Acheter
2026-03-07 23:00:00,67258.65,67403.85,67183.39,67262.91,394.96477,6.333757814069862e-05,67821.44666666667,0.002673244451770675,Acheter
2026-03-08 00:00:00,67262.91,67481.96,67181.04,67194.77,552.27054,-0.0010130397272434255,67775.79333333333,0.0025908663805714904,Acheter
2026-03-08 01:00:00,67194.77,67353.57,67090.0,67297.27,565.85563,0.0015254163382061314,67735.59583333334,0.002629183142996249,Acheter
2026-03-08 02:00:00,67297.27,67426.52,66833.58,66925.44,765.90711,-0.005525186980095964,67676.2375,0.0027810210085003353,Acheter
2026-03-08 03:00:00,66925.45,67083.1,66850.0,67000.26,999.40624,0.001117960524428252,67630.6025,0.0027405757363322117,Acheter
2026-03-08 04:00:00,67000.26,67100.01,66547.15,66637.36,1206.88314,-0.005416396891594011,67571.18291666666,0.0029057619167578057,Acheter
2026-03-08 05:00:00,66637.35,67250.24,66617.76,67149.93,402.00353,0.00769193137303148,67535.0025,0.0033923537555714555,Acheter
2026-03-08 06:00:00,67149.93,67231.86,67035.18,67161.52,246.63235,0.00017259883964149125,67512.94666666667,0.0032690414153081163,Acheter
2026-03-08 07:00:00,67161.52,67465.11,67154.91,67319.91,1010.57902,0.0023583444805894693,67491.165,0.0032730689074084705,Acheter
2026-03-08 08:00:00,67319.9,67577.36,67156.93,67539.33,1008.6246,0.0032593626462067427,67480.49541666667,0.003351790660815239,Acheter
2026-03-08 09:00:00,67539.34,67905.03,67474.0,67681.0,1111.87857,0.0020975926175164084,67467.20375,0.003319049655277549,Acheter
2026-03-08 10:00:00,67681.0,68200.0,67680.99,67904.14,646.22527,0.0032969371019930804,67468.19666666667,0.0033751277265515857,Acheter
2026-03-08 11:00:00,67904.15,67904.15,67411.76,67515.0,536.67584,-0.005730725696548089,67447.57125,0.0035451654671537665,Acheter
2026-03-08 12:00:00,67515.0,67650.94,66888.0,67324.72,902.41572,-0.0028183366659261244,67419.74541666666,0.0035822266896061057,Acheter
2026-03-08 13:00:00,67324.71,67431.81,66761.68,67234.86,1987.5897,-0.0013347251945496907,67390.73708333333,0.0035859109774140944,Acheter
2026-03-08 14:00:00,67234.86,67426.69,67055.73,67339.76,695.31699,0.001560202549689249,67362.53125,0.00359254028215086,Acheter
2026-03-08 15:00:00,67339.75,67369.36,67080.0,67218.23,879.16155,-0.0018047287367819465,67335.06375,0.0035880737485382195,Acheter
2026-03-08 16:00:00,67218.23,67268.44,66802.47,66872.15,538.7559,-0.00514860328812583,67297.08541666667,0.0037130721657536664,Acheter
2026-03-08 17:00:00,66872.15,67179.98,66800.01,67065.0,812.42846,0.002883861218758499,67266.94333333333,0.003777603208353057,Acheter
2026-03-08 18:00:00,67065.0,67076.0,66745.54,66804.0,487.97779,-0.003891746812793584,67235.10458333333,0.0038005743418155916,Acheter
2026-03-08 19:00:00,66803.99,67485.24,66779.82,67337.42,711.10669,0.007984851206514598,67245.81624999999,0.003892162631569136,Acheter
2026-03-08 20:00:00,67337.41,67609.08,67028.45,67238.8,1144.93227,-0.0014645645764270743,67238.97541666667,0.0037757088459308193,Acheter
2026-03-08 21:00:00,67238.79,67266.0,66712.69,67020.01,959.03531,-0.0032539248172187563,67220.935,0.0038249894434460273,Acheter
2026-03-08 22:00:00,67020.01,67020.01,65618.49,66236.8,2742.02435,-0.011686211327034846,67178.35791666668,0.004457228666065437,Acheter
2026-03-08 23:00:00,66236.8,66569.24,65930.3,65971.2,679.95244,-0.004009855548577357,67124.53666666667,0.004507022701818713,Acheter
2026-03-09 00:00:00,65971.2,66773.0,65821.97,66370.01,951.35538,0.00604521366899502,67090.17166666666,0.004717730679739001,Acheter
2026-03-09 01:00:00,66370.01,66698.05,66131.25,66196.01,2263.78882,-0.00262166602054148,67044.28583333333,0.004716123162440088,Acheter
2026-03-09 02:00:00,66196.01,66707.58,65959.0,66537.32,752.57114,0.0051560509462731385,67028.11416666667,0.004742585090009907,Acheter
2026-03-09 03:00:00,66537.32,67668.64,66512.88,67205.05,1256.29482,0.010035420723287336,67036.64708333333,0.005181884309641694,Acheter
2026-03-09 04:00:00,67205.06,67610.0,67093.09,67130.14,848.47762,-0.001114648378358507,67057.17958333333,0.005054156755246973,Acheter
2026-03-09 05:00:00,67131.1,68069.29,67113.02,67911.16,1145.71148,0.011634416373926815,67088.8975,0.005359072888584119,Acheter
2026-03-09 06:00:00,67911.15,67939.55,67236.78,67267.18,578.70307,-0.009482682964037314,67093.3,0.005732807640265895,Acheter
2026-03-09 07:00:00,67267.18,67575.81,66853.48,67555.13,1253.45589,0.004280690821289346,67103.10083333333,0.005779247408850556,Acheter
2026-03-09 08:00:00,67555.13,67929.19,67391.89,67814.69,1615.43129,0.003842195255933989,67114.57416666666,0.005794037078405331,Acheter
2026-03-09 09:00:00,67814.69,68460.09,67566.65,67981.02,1225.43841,0.002452713416517982,67127.075,0.005799582912476429,Acheter
2026-03-09 10:00:00,67981.03,68088.92,67556.72,67608.13,687.12244,-0.005485207488796107,67114.74125,0.005872312039377103,Acheter
2026-03-09 11:00:00,67608.13,67855.82,67344.45,67764.98,577.58612,0.0023199872559704904,67125.15708333334,0.005769629838212712,Acheter
2026-03-09 12:00:00,67764.99,68348.26,67759.57,68151.93,970.32854,0.005710176554320601,67159.62416666666,0.005839789046220391,Acheter
2026-03-09 13:00:00,68151.93,69300.0,68133.93,68976.0,2460.13662,0.012091660500296975,67232.17166666666,0.006280341847506829,Acheter
2026-03-09 14:00:00,68975.8,69480.0,68696.28,69151.5,2377.05802,0.002544363256784976,67307.66083333333,0.006286791007344034,Acheter
2026-03-09 15:00:00,69151.5,69254.87,68717.86,68863.66,1995.45638,-0.004162454899749091,67376.22041666666,0.006352650202664467,Acheter
2026-03-09 16:00:00,68863.67,69225.0,68614.47,68960.12,1086.01117,0.0014007387931456172,67463.21916666666,0.006214987414365128,Acheter
2026-03-09 17:00:00,68960.12,69088.49,68270.34,68600.71,889.54053,-0.005211852879606238,67527.20708333333,0.006343674209358049,Acheter
2026-03-09 18:00:00,68600.71,68705.76,68179.12,68356.37,1350.25926,-0.0035617707163674295,67591.88916666668,0.006333043288487714,Acheter
2026-03-09 19:00:00,68356.37,69516.65,68356.37,68991.93,1713.56623,0.009297743575324313,67660.82708333332,0.006401509705485426,Acheter
2026-03-09 20:00:00,68991.93,69145.28,68762.2,68961.71,507.40424,-0.00043802224405065093,67732.615,0.006387520828253992,Acheter
2026-03-09 21:00:00,68961.15,69102.53,68660.94,68919.72,782.51759,-0.0006088886136960125,67811.76958333333,0.006332173973293412,Acheter
2026-03-09 22:00:00,68919.71,69030.56,68597.0,68635.88,943.05059,-0.004118414874581533,67911.73125,0.005832059590859044,Acheter
2026-03-09 23:00:00,68635.88,68694.73,68384.69,68432.16,665.45565,-0.0029681268747483447,68014.27125,0.005793016511629203,Acheter
2026-03-10 00:00:00,68432.16,69290.42,68391.41,69157.37,1134.03591,0.010597502694639438,68130.41125,0.006017028040272326,Acheter
2026-03-10 01:00:00,69157.36,69389.06,68786.04,69260.01,1073.3002,0.001484151291467617,68258.07791666668,0.005945782290889824,Acheter
2026-03-10 02:00:00,69260.0,70578.29,69103.12,70272.01,2010.9648,0.014611606322320725,68413.69,0.006461544556484861,Attendre
2026-03-10 03:00:00,70272.0,70370.86,69390.0,69429.85,1096.27179,-0.011984287912071845,68506.39,0.006865787260697766,Acheter
2026-03-10 04:00:00,69429.85,70132.27,69429.85,70072.94,1112.05227,0.009262442594935694,68629.00666666667,0.007026690030213727,Acheter
2026-03-10 05:00:00,70072.95,70355.06,69885.71,69971.34,874.03346,-0.0014499177571257738,68714.84749999999,0.0067329818991281615,Acheter
2026-03-10 06:00:00,69971.34,70185.24,69750.62,69910.91,1140.99151,-0.000863639312895681,68825.00291666666,0.006353831131978838,Acheter
2026-03-10 07:00:00,69910.91,70546.74,69805.7,70406.01,1780.20471,0.007081870340408747,68943.78958333333,0.006429972551008146,Attendre
2026-03-10 08:00:00,70406.01,71097.64,70369.0,70709.37,1852.19984,0.004308723076339671,69064.40125,0.006437293983331358,Attendre
2026-03-10 09:00:00,70709.37,71300.0,70653.24,71078.92,1664.83143,0.005226322904588132,69193.48041666667,0.006475001796230875,Attendre
2026-03-10 10:00:00,71078.92,71086.86,70660.89,70774.04,1808.06147,-0.00428931672006283,69325.39333333333,0.006420239820191131,Attendre
2026-03-10 11:00:00,70774.04,70865.73,70540.4,70580.94,945.42456,-0.0027284015438427955,69442.72499999999,0.006489182090220898,Attendre
2026-03-10 12:00:00,70580.95,70628.19,70290.88,70519.86,702.95479,-0.0008653894379984095,69541.38875,0.006452007074007272,Attendre
2026-03-10 13:00:00,70519.86,70926.46,69723.25,69921.12,1644.54716,-0.008490374200969875,69580.76875,0.006342138128183874,Acheter
2026-03-10 14:00:00,69921.12,71527.54,69266.06,71467.81,2553.72955,0.02212049806982508,69677.28166666666,0.007715137225200454,Attendre
2026-03-10 15:00:00,71467.81,71777.0,70900.05,71346.16,2098.87598,-0.0017021649327157995,69780.71916666666,0.007654088947933648,Attendre
2026-03-10 16:00:00,71346.17,71700.0,70943.31,71268.59,1291.34054,-0.0010872344075701923,69876.90541666666,0.00767238361471501,Attendre
2026-03-10 17:00:00,71268.58,71452.0,70512.64,70868.61,1383.6295,-0.005612290070562631,69971.40125000001,0.007687809433462139,Attendre
2026-03-10 18:00:00,70868.62,70914.9,69901.0,70013.87,1837.40169,-0.012060911029580068,70040.46375,0.008109724130300294,Attendre
2026-03-10 19:00:00,70013.87,70290.0,69739.0,70043.63,992.60769,0.0004250586348106822,70084.28458333334,0.007916378565750705,Acheter
2026-03-10 20:00:00,70043.63,70350.0,70007.52,70235.6,671.88971,0.0027407203196065932,70137.36333333333,0.00792378919089802,Acheter
2026-03-10 21:00:00,70236.34,70417.3,69541.91,69763.01,830.8687,-0.006728639037753115,70172.50041666666,0.008068015332669728,Acheter
2026-03-10 22:00:00,69763.02,69869.9,69452.42,69721.58,937.20086,-0.0005938677244573531,70217.73791666667,0.008011453799954304,Acheter
2026-03-10 23:00:00,69721.58,69981.8,69698.46,69948.63,1165.15914,0.0032565240202531154,70280.92416666666,0.007988779973485658,Acheter
2026-03-11 00:00:00,69948.64,70173.25,69759.63,70044.87,728.92961,0.0013758668325596357,70317.90333333334,0.0077215940613199465,Acheter
2026-03-11 01:00:00,70044.87,70144.0,69880.0,70071.26,947.24879,0.00037675849780294257,70351.70541666666,0.0077191391787524355,Acheter
2026-03-11 02:00:00,70071.26,70119.59,69614.0,69810.72,1612.87548,-0.0037182148572751927,70332.485,0.007149393913620073,Acheter
2026-03-11 03:00:00,69810.73,69887.11,69488.7,69551.91,1113.41409,-0.0037073102812862357,70337.57083333333,0.006747054233952912,Acheter
2026-03-11 04:00:00,69551.91,70281.87,69501.55,70130.99,759.416,0.008325867686451716,70339.98958333333,0.0066942267282808585,Acheter
2026-03-11 05:00:00,70130.99,70200.96,69420.0,69510.36,757.81378,-0.008849582759347996,70320.78208333334,0.006932749834065885,Acheter
2026-03-11 06:00:00,69510.37,69996.0,69500.01,69950.01,391.73761,0.0063249564525345026,70322.41124999999,0.00705933000164182,Acheter
2026-03-11 07:00:00,69950.01,70018.49,69500.67,69648.29,1171.57725,-0.004313366073857572,70290.83958333333,0.006947941620324897,Acheter
2026-03-11 08:00:00,69648.28,69786.32,69500.0,69662.24,672.55865,0.00020029206747240735,70247.20916666667,0.006876413918778972,Acheter
2026-03-11 09:00:00,69662.24,69752.06,69384.5,69466.75,939.05652,-0.0028062548663380094,70180.03541666667,0.006775296999727784,Acheter
2026-03-11 10:00:00,69466.75,69726.45,69390.91,69604.9,1028.34397,0.001988721222743184,70131.32125,0.006761283708762406,Acheter
2026-03-11 11:00:00,69604.9,69755.1,69150.28,69173.0,898.77254,-0.00620502292223668,70072.65708333334,0.006843993688558728,Acheter
2026-03-11 12:00:00,69172.99,69777.66,68977.91,69361.13,1045.64069,0.002719702774203858,70024.37666666666,0.006881908670975518,Acheter
2026-03-11 13:00:00,69361.13,71091.18,69331.04,70186.09,2647.32148,0.011893693196751487,70035.41708333333,0.007127927564624935,Acheter
2026-03-11 14:00:00,70186.08,70987.0,69906.77,70578.7,2251.77658,0.005593843452456282,69998.37083333333,0.005537120663274007,Acheter
2026-03-11 15:00:00,70578.7,70654.43,69702.25,70227.91,1844.6963,-0.004970196390695736,69951.77708333333,0.00560753112991296,Acheter
2026-03-11 16:00:00,70227.92,70826.39,70161.78,70570.71,1837.92404,0.004881250203800702,69922.69875,0.005718225939361294,Acheter
2026-03-11 17:00:00,70570.71,71321.0,70512.01,70785.99,2122.20651,0.0030505573771328898,69919.25624999999,0.005647502928611859,Acheter
2026-03-11 18:00:00,70785.99,70895.31,70415.27,70617.64,1134.13411,-0.002378295479091408,69944.41333333334,0.005066935183098889,Acheter
2026-03-11 19:00:00,70617.63,70742.38,70375.68,70641.82,644.23151,0.0003424073645055259,69969.33791666666,0.005066924312772931,Acheter
2026-03-11 20:00:00,70641.81,70700.0,70394.23,70634.96,383.34496,-9.71096158054463e-05,69985.97791666667,0.005042166146941499,Acheter
2026-03-11 21:00:00,70634.96,70777.17,70499.94,70741.26,576.42683,0.001504920509617147,70026.73833333333,0.00482211192386001,Acheter
2026-03-11 22:00:00,70741.27,70950.0,70241.53,70373.01,1098.26512,-0.0052055900615849415,70053.88124999999,0.004961278775355806,Acheter
2026-03-11 23:00:00,70373.01,70505.0,70125.83,70191.86,641.563,-0.0025741402847483386,70064.01583333334,0.004958042592717649,Acheter
2026-03-12 00:00:00,70191.86,70353.87,70130.23,70225.34,658.09363,0.00047697838467297693,70071.53541666667,0.00495182136924407,Acheter
2026-03-12 01:00:00,70225.34,70226.94,69754.94,69841.31,760.55263,-0.005468538849366933,70061.95416666666,0.005080663490444276,Acheter
2026-03-12 02:00:00,69841.3,69887.93,69226.52,69286.56,742.38929,-0.00794300679640747,70040.11416666667,0.00527987136576343,Acheter
2026-03-12 03:00:00,69286.55,69628.25,69246.23,69446.61,415.13842,0.002309971804055566,70035.72666666667,0.005253872805282076,Acheter
2026-03-12 04:00:00,69446.61,69676.88,69296.43,69372.0,436.68208,-0.0010743504974540796,70004.10208333335,0.004943537884488392,Acheter
2026-03-12 05:00:00,69372.0,69539.61,69205.91,69480.54,734.74043,0.0015646081992732874,70002.85958333332,0.004619893428348137,Acheter
2026-03-12 06:00:00,69480.54,69561.84,69315.63,69501.44,719.76894,0.00030080364948248395,69984.16916666667,0.004420208065928694,Acheter
2026-03-12 07:00:00,69501.45,69865.98,69408.88,69826.19,830.78197,0.004672565057644906,69991.58166666667,0.004442343674828454,Acheter
2026-03-12 08:00:00,69826.19,70116.37,69698.33,69917.37,1246.32882,0.001305813764147734,70002.21208333333,0.004448985210822854,Acheter
2026-03-12 09:00:00,69917.36,70400.0,69580.0,69952.51,1284.31562,0.0005025932754620932,70022.45208333332,0.004404051316837961,Acheter
2026-03-12 10:00:00,69952.51,70511.0,69856.0,70412.11,911.03902,0.006570171677899861,70056.08583333333,0.004576366761960325,Acheter
2026-03-12 11:00:00,70412.1,70800.0,70367.97,70427.91,1207.70061,0.00022439321872336215,70108.37375,0.004349960390064729,Acheter
2026-03-12 12:00:00,70427.9,70617.66,70277.38,70381.8,847.51801,-0.0006547120310683718,70150.90166666666,0.004338331240604185,Acheter
2026-03-12 13:00:00,70381.8,70534.65,69645.0,69972.15,1340.7754,-0.0058203967502963305,70141.9875,0.0038114124654838027,Acheter
2026-03-12 14:00:00,69972.2,70660.69,69355.34,69590.09,2130.67842,-0.005460172368577987,70100.79541666666,0.003758416625941047,Acheter
2026-03-12 15:00:00,69590.09,70565.43,69476.14,70334.88,1778.50463,0.010702529627422575,70105.2525,0.004287004216917512,Acheter
2026-03-12 16:00:00,70334.89,70569.15,69905.71,70381.16,1271.41787,0.0006579950090197517,70097.35458333333,0.004165993318164314,Acheter
2026-03-12 17:00:00,70381.15,70547.19,70076.16,70212.06,843.93551,-0.0024026316133466397,70073.44083333334,0.004135070865835724,Acheter
2026-03-12 18:00:00,70212.05,70303.51,69800.0,69819.64,742.85798,-0.005589068316753543,70040.19083333333,0.004254405337634439,Acheter
2026-03-12 19:00:00,69819.64,70548.81,69770.85,70432.32,757.84664,0.008775181310015423,70031.46166666667,0.004653474656970439,Acheter
2026-03-12 20:00:00,70432.33,70555.2,70111.28,70164.49,618.18553,-0.003802657643536378,70011.85875,0.004713991020656615,Acheter
2026-03-12 21:00:00,70164.5,70470.0,70164.5,70268.55,355.90233,0.0014830863874304434,69992.1625,0.004713636125279227,Acheter
2026-03-12 22:00:00,70268.54,70305.26,70013.17,70175.64,467.42484,-0.0013222131380254964,69983.93875,0.00460213079782781,Acheter
2026-03-12 23:00:00,70175.64,70734.25,70159.35,70541.34,894.58188,0.005211210043827075,69998.50041666666,0.004694123305191823,Acheter
2026-03-13 00:00:00,70541.34,72000.0,70386.01,71475.61,2857.31114,0.01324429051106768,70050.59499999999,0.0053958042780098,Acheter
2026-03-13 01:00:00,71475.6,71759.95,71283.99,71672.39,975.74666,0.0027531069689366028,70126.89,0.005242686458676186,Acheter
2026-03-13 02:00:00,71672.38,71696.68,71045.52,71143.8,994.81538,-0.00737508544085097,70204.27500000001,0.005201250712891906,Acheter
2026-03-13 03:00:00,71143.8,71508.87,70964.43,71405.75,927.82134,0.0036819793151334768,70285.90583333334,0.005222444250132659,Acheter
2026-03-13 04:00:00,71405.76,71493.77,71214.01,71393.94,780.92498,-0.00016539284301331225,70370.15333333334,0.005208716611194011,Acheter
2026-03-13 05:00:00,71393.93,71637.54,71242.02,71546.29,1178.90406,0.002133934616859623,70456.22625,0.005211693831770683,Acheter
2026-03-13 06:00:00,71546.28,71593.22,71180.19,71342.0,1081.97604,-0.002855354204948868,70532.91625,0.005275703930016672,Acheter
2026-03-13 07:00:00,71342.0,71672.76,71236.08,71612.22,1139.8319,0.0037876706568360508,70607.33416666667,0.005252714283006129,Acheter
2026-03-13 08:00:00,71612.23,72142.85,71385.28,71821.02,1820.16796,0.0029157034930631376,70686.65291666667,0.0052661708181760076,Acheter
2026-03-13 09:00:00,71821.01,72100.37,71589.81,72006.57,925.21442,0.0025835054974157057,70772.23875,0.0052724640474761195,Acheter
2026-03-13 10:00:00,72006.56,72575.98,71995.53,72458.12,1635.35127,0.006270955553083324,70857.48916666667,0.005259600686043883,Acheter
2026-03-13 11:00:00,72458.11,72526.12,72207.41,72228.82,724.41705,-0.0031645866605425343,70932.52708333333,0.0053321325946294315,Attendre
2026-03-13 12:00:00,72228.81,72884.68,72210.0,72784.73,1142.93241,0.007696512278616563,71032.64916666667,0.00548524172680681,Attendre
2026-03-13 13:00:00,72784.73,73585.27,72684.88,73379.18,3297.40201,0.008167235078017088,71174.60875,0.005425919392462359,Attendre
2026-03-13 14:00:00,73379.18,73913.74,72350.0,72382.72,4558.05031,-0.013579601189329105,71290.96833333334,0.006119846025426996,Attendre
2026-03-13 15:00:00,72382.72,72829.12,71736.34,71831.46,3305.45471,-0.007615906116818949,71353.32583333332,0.006085094704922972,Attendre
2026-03-13 16:00:00,71831.46,72100.0,71154.54,71885.57,2334.3461,0.0007532911067100745,71416.00958333333,0.006084964139578711,Attendre
2026-03-13 17:00:00,71885.56,72249.99,70914.09,71037.93,1889.70074,-0.011791518103007492,71450.42083333332,0.0065875337497435715,Attendre
2026-03-13 18:00:00,71037.93,71350.94,70841.23,71055.45,738.18799,0.00024662880801851195,71501.91291666667,0.006459141951598456,Attendre
2026-03-13 19:00:00,71055.45,71309.94,71006.19,71189.95,507.07823,0.0018928878784103542,71533.48083333333,0.006236356427571521,Attendre
2026-03-13 20:00:00,71189.96,71469.53,71150.0,71346.84,554.4729,0.0022038223091882525,71582.74541666666,0.006177912191264774,Attendre
2026-03-13 21:00:00,71346.84,71491.03,71058.25,71104.65,650.14338,-0.0033945441732248227,71617.58291666667,0.006231537292262828,Attendre
2026-03-13 22:00:00,71104.65,71189.26,70559.02,70814.0,863.33877,-0.004087637025145252,71644.18125000001,0.0062921925532206215,Attendre
2026-03-13 23:00:00,70814.0,71005.3,70688.45,70930.0,1113.02703,0.0016380941621714218,71660.37541666666,0.006215115170083905,Attendre
2026-03-14 00:00:00,70930.01,70951.8,70555.0,70631.97,763.50434,-0.004201748202453115,71625.22375,0.005620743768946048,Attendre
2026-03-14 01:00:00,70631.96,70941.05,70481.7,70831.7,791.55133,0.0028277563262075756,71590.19499999999,0.005622630686015533,Attendre
2026-03-14 02:00:00,70831.7,70948.66,70735.21,70783.27,1013.67533,-0.0006837334131468698,71575.17291666666,0.0054282103329589895,Attendre
2026-03-14 03:00:00,70783.27,71185.23,70783.26,71081.3,944.72261,0.004210458205731404,71561.65416666666,0.0054456757927529706,Attendre
2026-03-14 04:00:00,71081.31,71307.92,71021.11,71039.58,707.08065,-0.0005869335535506615,71546.88916666668,0.005446321606498603,Attendre
2026-03-14 05:00:00,71039.57,71151.3,70916.96,71013.75,759.3407,-0.0003636001226359209,71524.7,0.005423740021945297,Attendre
2026-03-14 06:00:00,71013.75,71013.75,70317.0,70622.08,712.17672,-0.005515410747918503,71494.70333333332,0.005504864267016017,Attendre
2026-03-14 07:00:00,70622.09,70743.88,70489.03,70596.68,750.98425,-0.00035966088792638296,71452.38916666666,0.00543204524116718,Attendre
2026-03-14 08:00:00,70596.68,70710.76,70536.58,70585.63,461.44808,-0.00015652294130530375,71400.91458333333,0.005382035967576179,Attendre
2026-03-14 09:00:00,70585.64,70728.07,70400.0,70501.16,893.97396,-0.0011967025016281774,71338.18916666666,0.005336620049990672,Attendre
2026-03-14 10:00:00,70501.16,70575.1,70389.08,70570.44,624.35522,0.0009826788665605601,71259.53583333334,0.00513446241050784,Attendre
2026-03-14 11:00:00,70570.44,70784.38,70562.66,70751.42,515.18098,0.002564529851308839,71197.9775,0.005166730802288993,Attendre
2026-03-14 12:00:00,70751.42,70835.48,70616.44,70780.59,472.56223,0.0004122885448800684,71114.47166666666,0.00484704174575058,Vendre
2026-03-14 13:00:00,70780.59,70930.56,70711.54,70847.35,886.4995,0.0009431964328074915,71008.97875,0.004451348075191292,Attendre
2026-03-14 14:00:00,70847.34,70941.17,70578.76,70599.22,329.16955,-0.003502318717637398,70934.66625,0.0036631868630403494,Attendre
2026-03-14 15:00:00,70599.23,70728.59,70501.0,70580.09,849.34654,-0.00027096616648181193,70882.52583333333,0.0033855627105980357,Attendre
2026-03-14 16:00:00,70580.09,70709.4,70500.0,70672.53,379.28346,0.0013097177971861385,70831.9825,0.0033980191616451317,Attendre
2026-03-14 17:00:00,70672.52,70733.02,70590.0,70617.01,134.37087,-0.0007855951951911688,70814.44416666667,0.0024457720017382906,Attendre
2026-03-14 18:00:00,70617.01,70708.88,70559.35,70668.23,95.80359,0.0007253209956070705,70798.31,0.0024518974483955865,Attendre
2026-03-14 19:00:00,70668.23,70740.34,70595.14,70700.0,77.47303,0.0004495655261211873,70777.89541666667,0.0024151232077505454,Attendre
2026-03-14 20:00:00,70699.99,70856.4,70650.09,70805.71,114.01852,0.0014951909476663694,70755.34833333334,0.0023875483507928568,Attendre
2026-03-14 21:00:00,70805.71,70825.04,70661.06,70799.99,113.91325,-8.078444520931427e-05,70742.65416666666,0.0022957325224077954,Attendre
2026-03-14 22:00:00,70799.99,70805.15,70695.29,70710.91,89.24315,-0.0012581922681063062,70738.35875,0.0021544459708188,Attendre
2026-03-14 23:00:00,70710.9,71253.17,70710.9,71211.95,537.56951,0.007085752396624345,70750.10666666667,0.002584929109627415,Attendre
2026-03-15 00:00:00,71211.95,71220.74,70967.59,70985.28,576.24004,-0.0031830331847393367,70764.82791666668,0.0025175314487246503,Attendre
2026-03-15 01:00:00,70985.29,71037.41,70858.82,70985.83,340.54476,7.748085236958246e-06,70771.25,0.002455123275353737,Attendre
2026-03-15 02:00:00,70985.84,71634.08,70985.84,71450.53,895.09143,0.006546376931846787,70799.0525,0.0027779686681947482,Attendre
2026-03-15 03:00:00,71450.54,71538.03,71240.68,71363.14,779.68802,-0.0012230839995168719,70810.79583333334,0.002672897298642963,Attendre
2026-03-15 04:00:00,71363.13,71661.55,71330.66,71606.32,779.77883,0.0034076415359527434,70834.40999999999,0.0027471622922680163,Attendre
2026-03-15 05:00:00,71606.31,71800.68,71476.0,71489.68,792.96245,-0.001628906498756133,70854.24041666667,0.002773165474354082,Attendre
2026-03-15 06:00:00,71489.67,71595.43,71373.75,71458.41,528.89919,-0.0004374057905979223,70889.08750000001,0.002490966940546114,Attendre
2026-03-15 07:00:00,71458.41,71658.44,71411.88,71453.59,276.05348,-6.745182267564598e-05,70924.79208333332,0.0024873264110148205,Attendre
2026-03-15 08:00:00,71453.59,71736.72,71453.59,71717.5,551.40345,0.003693446333487227,70971.95333333332,0.0025656688644900383,Attendre
2026-03-15 09:00:00,71717.5,71940.49,71713.9,71791.1,640.93656,0.0010262488235088796,71025.70083333334,0.0025354392304404194,Attendre
2026-03-15 10:00:00,71791.11,71919.19,71714.37,71783.09,525.0135,-0.00011157371874803701,71076.22791666667,0.0025410713704397117,Attendre
2026-03-15 11:00:00,71783.1,71888.0,71659.71,71839.42,452.79199,0.0007847252047801234,71121.56125,0.0025104810433875867,Attendre
2026-03-15 12:00:00,71839.41,71839.42,71560.21,71610.33,324.76249,-0.0031889177278991987,71156.13375,0.0026294288784184357,Attendre
2026-03-15 13:00:00,71610.33,71679.81,71263.99,71607.54,1108.48189,-3.896085941801353e-05,71187.80833333333,0.002629696013647989,Vendre
2026-03-15 14:00:00,71607.54,71635.56,71341.68,71622.03,452.09243,0.00020235299243642757,71230.42541666667,0.0024928995416637805,Vendre
2026-03-15 15:00:00,71622.04,71626.0,71410.0,71481.24,210.01259,-0.0019657359614073666,71267.97333333333,0.00254223209079458,Vendre
2026-03-15 16:00:00,71481.24,71586.75,71320.08,71437.35,302.61771,-0.0006140072556100051,71299.84083333334,0.002546962670417052,Vendre
2026-03-15 17:00:00,71437.35,71989.93,71409.74,71819.95,365.80062,0.005355741779335288,71349.96333333333,0.0027198841038102123,Vendre
2026-03-15 18:00:00,71819.96,71885.55,71321.87,71390.53,321.10675,-0.005979118615370815,71380.05916666666,0.0030430784173768534,Vendre
2026-03-15 19:00:00,71390.53,71582.83,71338.67,71549.94,251.59972,0.0022329292134406487,71415.47333333333,0.0030653140642366845,Attendre
2026-03-15 20:00:00,71549.94,71930.0,71433.75,71730.81,236.54566,0.002527884719400131,71454.01916666667,0.003087025337059477,Vendre
2026-03-15 21:00:00,71730.81,72222.0,71629.99,72109.58,459.80342,0.005280436677070899,71508.58541666667,0.003230376994886548,Vendre
2026-03-15 22:00:00,72109.59,73081.77,71725.74,72749.44,1471.44945,0.008873439562399277,71593.52416666667,0.00359534118086734,Vendre
2026-03-15 23:00:00,72749.45,73199.0,72420.44,72815.24,1393.63061,0.0009044743162285318,71660.32791666666,0.0033689908451606707,Vendre
2026-03-16 00:00:00,72815.25,73008.94,72452.26,72531.26,685.4345,-0.003900007745631373,71724.74375,0.0034100101477594898,Vendre
2026-03-16 01:00:00,72531.27,72852.28,72270.41,72752.9,715.87613,0.0030557858777029434,71798.37166666666,0.0034318816173972808,Vendre
2026-03-16 02:00:00,72752.9,72852.28,72368.08,72514.69,487.11967,-0.0032742337418850687,71842.71166666667,0.0033295809329928075,Vendre
2026-03-16 03:00:00,72514.69,74330.34,72436.02,73573.32,3424.72669,0.014598835077416883,71934.80249999999,0.004356473251961184,Vendre
2026-03-16 04:00:00,73573.31,74451.03,73573.31,73835.62,1907.76761,0.0035651510629122196,72027.69,0.004359933951108128,Vendre
2026-03-16 05:00:00,73835.62,74258.07,73720.0,74207.49,1421.12171,0.005036458013083722,72140.93208333333,0.004378347852587267,Vendre
2026-03-16 06:00:00,74207.49,74207.5,73610.0,73714.36,1229.39836,-0.006645286075570023,72234.93000000001,0.004675105544887185,Vendre
2026-03-16 07:00:00,73714.36,73924.83,73385.18,73456.68,958.93738,-0.003495655391975272,72318.39208333332,0.004770308384634983,Vendre
2026-03-16 08:00:00,73456.69,73776.13,72888.8,73135.0,1562.06854,-0.0043791796743331,72377.45458333334,0.0048677734005750425,Vendre
2026-03-16 09:00:00,73135.0,73331.88,73057.25,73260.92,531.7209,0.0017217474533397503,72438.69708333333,0.00487107929181193,Vendre
2026-03-16 10:00:00,73260.92,73783.42,73202.89,73783.42,1038.45265,0.007132042567852048,72522.04416666667,0.005030320194962811,Vendre
2026-03-16 11:00:00,73783.42,73838.76,73515.33,73552.77,680.69185,-0.0031260410536675387,72593.43375,0.0051057122778369315,Vendre
2026-03-16 12:00:00,73552.78,74044.0,73465.46,73864.8,921.55759,0.00424226035266928,72687.37,0.005066125205433801,Vendre
2026-03-16 13:00:00,73864.81,74509.52,73787.0,74109.55,1593.51066,0.003313486261385723,72791.62041666666,0.005073680129268255,Vendre
2026-03-16 14:00:00,74109.56,74460.19,72990.52,73565.54,2204.69587,-0.007340619393856884,72872.6,0.0053784325145483656,Vendre
2026-03-16 15:00:00,73565.54,74030.0,73186.5,73274.76,1024.65577,-0.003952665881335138,72947.33,0.005443060526433495,Vendre
2026-03-16 16:00:00,73274.75,73901.95,73160.66,73760.63,1016.72181,0.006630796197763189,73044.13333333333,0.005546829152964472,Vendre
2026-03-16 17:00:00,73760.63,74065.7,73648.7,73943.18,906.04408,0.0024748975164663456,73132.60125,0.005487205338587181,Vendre
2026-03-16 18:00:00,73943.17,74356.32,73860.0,73913.6,1086.95746,-0.000400036893192679,73237.72916666667,0.005282932877494926,Vendre
2026-03-16 19:00:00,73913.6,74418.6,73781.54,73963.0,1122.08511,0.0006683479089097943,73338.27333333333,0.005282653496221944,Vendre
2026-03-16 20:00:00,73963.0,74248.95,73863.2,74236.9,424.59345,0.0037032029528276666,73442.69375,0.005299021622921295,Vendre
2026-03-16 21:00:00,74236.9,74799.0,74150.0,74401.36,1246.95221,0.002215340349610573,73538.18458333334,0.005239170375738456,Vendre
2026-03-16 22:00:00,74401.35,74899.99,74378.43,74772.66,1058.73068,0.004990500173652768,73622.48541666666,0.005052318258848422,Vendre
2026-03-16 23:00:00,74773.56,74909.08,74250.21,74884.67,1159.70951,0.0014980074267787469,73708.71166666667,0.0050524871114852946,Vendre
2026-03-17 00:00:00,74884.67,75520.23,74614.18,75318.48,2173.5367,0.00579304148632831,73824.84583333334,0.005015990355532805,Vendre
2026-03-17 01:00:00,75318.48,76000.0,75074.37,75623.91,1953.08873,0.0040551800832944185,73944.47124999999,0.005032856288940042,Vendre
2026-03-17 02:00:00,75623.91,75677.66,75114.67,75198.02,1068.24779,-0.005631684476510079,74056.27666666666,0.0051541971634614225,Vendre
2026-03-17 03:00:00,75198.02,75326.15,74268.73,74463.98,1730.33731,-0.009761427229068143,74093.3875,0.004858353872387479,Vendre
2026-03-17 04:00:00,74463.98,74712.89,73980.16,74252.01,2017.11887,-0.0028466112071904304,74110.73708333333,0.004859500151806848,Vendre
2026-03-17 05:00:00,74252.0,74459.99,73784.0,74036.74,1250.81696,-0.0028991807763856237,74103.6225,0.004788816585721661,Vendre
2026-03-17 06:00:00,74036.74,74276.66,73877.56,74085.45,879.74749,0.000657916596543684,74119.08458333333,0.00458136823787274,Vendre
2026-03-17 07:00:00,74085.46,74457.72,74066.4,74249.32,771.242,0.0022119053066427252,74152.11125,0.004527968738889814,Vendre
2026-03-17 08:00:00,74249.32,74452.97,74108.01,74188.38,461.65295,-0.000820748257357784,74196.00208333334,0.004419684079860921,Vendre
2026-03-17 09:00:00,74188.38,74406.03,73841.62,73937.16,864.16263,-0.0033862445843945155,74224.17875,0.004486079141406366,Vendre
2026-03-17 10:00:00,73937.16,73960.74,73560.98,73729.45,1049.0691,-0.002809277499974394,74221.93000000001,0.004291479192137574,Vendre
2026-03-17 11:00:00,73729.45,74224.16,73682.01,74033.11,647.95804,0.0041185713442863925,74241.94416666667,0.004318331127358895,Vendre
2026-03-17 12:00:00,74033.1,74170.55,73672.25,73739.74,614.23436,-0.003962686425033279,74236.73333333334,0.004315809403386733,Vendre
2026-03-17 13:00:00,73739.74,74167.39,73399.19,73615.48,1159.88444,-0.0016851157869557376,74216.14708333333,0.004266174840025346,Vendre
2026-03-17 14:00:00,73615.49,74425.31,73424.79,74381.7,1362.71508,0.010408408666220836,74250.15375,0.004518138329409064,Vendre
2026-03-17 15:00:00,74381.69,74893.94,73669.91,73914.39,1370.72331,-0.006282593702483186,74276.80500000001,0.0046406601032770315,Vendre
2026-03-17 16:00:00,73914.4,74350.0,73855.24,74155.69,747.87279,0.0032645875857191253,74293.26583333334,0.00449176833863749,Vendre
2026-03-17 17:00:00,74155.68,74594.0,74006.58,74523.75,826.10844,0.004963341316087888,74317.45625,0.004573759203208268,Vendre
2026-03-17 18:00:00,74523.76,74769.17,74386.11,74683.04,707.46038,0.0021374394069004765,74349.51625,0.004585320154383745,Vendre
2026-03-17 19:00:00,74683.04,74800.0,74427.25,74512.17,768.60522,-0.002287935788366391,74372.39833333333,0.004618554027916937,Vendre
2026-03-17 20:00:00,74511.21,74685.5,74359.87,74506.75,466.76372,-7.273979539179631e-05,74383.64208333332,0.004562211096812615,Vendre
2026-03-17 21:00:00,74506.75,74799.0,74450.01,74685.42,618.20101,0.002398037761679239,74395.47791666667,0.004565938563513838,Vendre
2026-03-17 22:00:00,74685.42,74772.14,73934.0,74307.08,488.30847,-0.00506578124619228,74376.07875,0.004565642992994843,Vendre
2026-03-17 23:00:00,74307.08,74398.74,73871.74,73909.36,523.41057,-0.005352383649041226,74335.44083333334,0.004664656551551777,Vendre
2026-03-18 00:00:00,73909.37,74063.22,73535.36,73867.88,673.31061,-0.0005612279689608535,74274.99916666666,0.004465925239131241,Vendre
2026-03-18 01:00:00,73867.88,74211.43,73820.69,74072.3,537.72886,0.0027673733157089764,74210.34875,0.004412464589450698,Vendre
2026-03-18 02:00:00,74072.3,74476.0,74051.78,74338.93,549.53806,0.003599591210209363,74174.55333333333,0.00438012065075756,Vendre
2026-03-18 03:00:00,74338.93,74672.34,74250.27,74446.14,459.80928,0.0014421784117690795,74173.81,0.0039195659785026355,Attendre
2026-03-18 04:00:00,74446.14,74486.3,74137.02,74175.49,472.35206,-0.003635514212019464,74170.62166666667,0.0039476609723116,Attendre
2026-03-18 05:00:00,74175.48,74312.11,73830.76,73950.0,662.80056,-0.003039952954810299,74167.0075,0.003952202841165523,Attendre
2026-03-18 06:00:00,73950.01,74225.82,73938.1,73954.03,652.79254,5.4496281271187996e-05,74161.53166666666,0.0039494792524369165,Attendre
2026-03-18 07:00:00,73954.03,73997.04,73700.01,73883.8,504.7237,-0.0009496439882991092,74146.30166666667,0.003922815940400183,Attendre
2026-03-18 08:00:00,73883.8,74130.02,73863.31,74044.89,735.50464,0.002180315576621572,74140.32291666667,0.0039498481643470505,Attendre
2026-03-18 09:00:00,74044.9,74281.33,74042.85,74181.08,347.16358,0.001839289652533882,74150.48625,0.0039030282932468073,Attendre
2026-03-18 10:00:00,74181.08,74267.77,73816.26,73946.35,478.90858,-0.0031642839387077126,74159.52375000001,0.003915362763662397,Attendre
2026-03-18 11:00:00,73946.35,74074.84,72800.0,72952.85,1877.69179,-0.013435416352531315,74114.51291666667,0.004699005193232351,Attendre
2026-03-18 12:00:00,72952.85,72981.79,72271.11,72361.24,1819.95371,-0.008109484413562962,74057.07541666667,0.004899907927056228,Attendre
2026-03-18 13:00:00,72361.13,72556.81,71980.0,72133.49,1607.02731,-0.0031474032230514037,73995.32583333334,0.004920771062039827,Attendre
2026-03-18 14:00:00,72133.48,72222.45,71100.0,71193.23,2385.98822,-0.013034999415666881,73862.47291666667,0.004918596348144756,Attendre
2026-03-18 15:00:00,71193.23,71531.54,70857.21,71467.82,2560.23665,0.0038569678605677726,73760.5325,0.004953263130584332,Attendre
2026-03-18 16:00:00,71467.82,71565.78,71037.34,71314.08,967.21409,-0.0021511779707287237,73642.13208333333,0.004854383735292044,Attendre
2026-03-18 17:00:00,71314.07,71750.0,71199.87,71595.21,1025.9984,0.0039421387754003945,73520.10958333332,0.004798364573594077,Attendre
2026-03-18 18:00:00,71595.21,72000.5,70947.78,71096.74,1475.11719,-0.006962337284854736,73370.68041666667,0.004844722695613922,Attendre
2026-03-18 19:00:00,71096.75,71486.14,70933.85,71072.38,867.91916,-0.00034263174373394545,73227.35583333333,0.004856601605531104,Attendre
2026-03-18 20:00:00,71072.38,71333.33,70500.0,71214.67,1180.62213,0.002002043550532573,73090.18583333334,0.004909757359725934,Attendre
2026-03-18 21:00:00,71214.67,71451.22,71167.15,71263.67,338.26453,0.0006880604796737355,72947.61291666668,0.004857261010577762,Attendre
2026-03-18 22:00:00,71263.67,71269.02,70944.56,71153.66,520.94837,-0.0015437038255255997,72816.22041666666,0.004811734373287423,Attendre
2026-03-18 23:00:00,71153.67,71365.4,71069.69,71246.54,691.26691,0.0013053439556023338,72705.26958333334,0.004789535752919858,Attendre
2026-03-19 00:00:00,71246.55,71321.81,70976.69,71002.17,887.95607,-0.003429920947739973,72585.865,0.004800438409138971,Attendre
2026-03-19 01:00:00,71002.18,71182.44,70951.93,71115.23,391.40796,0.0015923456987301243,72462.65375,0.004759390435971905,Attendre
2026-03-19 02:00:00,71115.24,71252.83,70902.37,71055.44,554.97617,-0.0008407481772890746,72325.84166666666,0.004629556749569035,Attendre
2026-03-19 03:00:00,71055.44,71613.79,71053.33,71215.39,593.60943,0.0022510591729498763,72191.22708333335,0.004657578742671591,Attendre
2026-03-19 04:00:00,71215.39,71215.39,70654.86,70822.07,702.86032,-0.005522963505500633,72051.50125,0.004704970413653639,Attendre
2026-03-19 05:00:00,70822.06,70909.88,70661.56,70826.54,416.16191,6.311591852625753e-05,71921.35708333332,0.004715340641051119,Attendre
2026-03-19 06:00:00,70826.55,70979.99,70505.0,70583.22,619.8514,-0.0034354353608123667,71780.90666666668,0.004709929765841515,Attendre
2026-03-19 07:00:00,70583.22,70600.04,69478.51,70191.17,2753.9557,-0.005554436309366473,71627.04708333334,0.004761711926071034,Attendre
2026-03-19 08:00:00,70191.16,70300.0,69900.0,69985.19,1015.64209,-0.0029345571529865166,71457.89291666666,0.004674392620819425,Attendre
2026-03-19 09:00:00,69985.19,70560.91,69971.99,70513.0,1262.65596,0.007541738473525683,71305.05625000001,0.005027459237219337,Attendre
2026-03-19 10:00:00,70513.0,70538.74,70117.0,70133.72,613.17552,-0.00537886630834028,71146.19666666667,0.005068028644640277,Attendre
2026-03-19 11:00:00,70133.73,70259.37,69909.09,69952.75,542.70053,-0.002580356496133418,71021.19249999999,0.004469975089087378,Attendre
2026-03-19 12:00:00,69952.75,69952.76,69105.49,69290.27,1452.42038,-0.009470392514947523,70893.23541666666,0.004561992686471543,Attendre
2026-03-19 13:00:00,69290.28,70084.35,69081.51,69905.65,1720.19325,0.008881189234794196,70800.40875,0.005042434738548027,Attendre
2026-03-19 14:00:00,69905.65,70179.53,69096.16,69482.25,1636.49639,-0.0060567350421603106,70729.11791666667,0.0045089594114021804,Attendre
2026-03-19 15:00:00,69482.24,69917.87,68793.35,69412.51,1898.28931,-0.0010037095805044416,70643.48,0.004388717686035883,Attendre
2026-03-19 16:00:00,69412.52,69642.35,69177.19,69455.86,858.32753,0.0006245271925766627,70566.05416666667,0.004399284155067011,Attendre
2026-03-19 17:00:00,69455.86,69954.18,69122.03,69854.16,759.67868,0.0057345773272405864,70493.51041666667,0.004502436408647461,Attendre
2026-03-19 18:00:00,69854.15,69931.1,69581.55,69821.21,442.61763,-0.00047169703278937547,70440.36333333333,0.004320982173460171,Attendre
2026-03-19 19:00:00,69821.21,70596.42,69805.33,70271.99,1190.55299,0.006456204353949113,70407.01375,0.004564518433923549,Attendre
2026-03-19 20:00:00,70272.0,70676.0,70201.0,70483.03,488.71031,0.0030031880412095813,70376.52875000001,0.004592502969229025,Attendre
2026-03-19 21:00:00,70483.03,70695.6,70371.19,70413.47,418.78383,-0.0009869042236123615,70341.10375,0.004587655004118657,Attendre
2026-03-19 22:00:00,70413.46,70501.89,69954.05,70183.99,551.7482,-0.003259035522606646,70300.70083333334,0.004618047680864679,Attendre
2026-03-19 23:00:00,70184.0,70282.47,69718.23,69930.0,592.04663,-0.0036189165078817087,70245.845,0.004640840308318175,Attendre
2026-03-20 00:00:00,69930.01,70311.12,69837.1,70181.0,871.72419,0.0035893035893035385,70211.62958333334,0.004686645762663857,Attendre
2026-03-20 01:00:00,70181.0,70588.5,70181.0,70403.79,526.82154,0.0031745059204058013,70181.98625,0.004727921795572837,Attendre
2026-03-20 02:00:00,70403.8,70516.16,70086.86,70415.47,312.91426,0.0001659001596363563,70155.32083333335,0.0047283822587426685,Attendre
2026-03-20 03:00:00,70415.48,70809.43,70388.0,70729.92,711.57589,0.004465638019599982,70135.09291666666,0.004802703123139528,Attendre
2026-03-20 04:00:00,70729.93,70969.71,70557.91,70783.69,546.53749,0.0007602157615900218,70133.49375,0.004673649934510768,Attendre
2026-03-20 05:00:00,70783.7,70867.44,70521.73,70606.24,367.69531,-0.002506933447521509,70124.31458333334,0.0047012130342977115,Attendre
2026-03-20 06:00:00,70606.23,70646.93,70346.49,70502.9,758.81391,-0.0014636100152055631,70120.96791666666,0.004657767425683465,Attendre
2026-03-20 07:00:00,70502.91,70939.58,70160.06,70854.66,936.89906,0.004989298312551904,70148.61333333333,0.004611756408184985,Attendre
2026-03-20 08:00:00,70854.66,71367.0,70800.0,71042.23,1011.96314,0.002647250018559033,70192.65666666666,0.004576775593629408,Attendre
2026-03-20 09:00:00,71042.23,71042.23,70419.65,70583.8,885.49116,-0.006452922437823139,70195.60666666667,0.004549959714873224,Attendre
2026-03-20 10:00:00,70583.81,70670.43,70218.68,70611.68,609.11713,0.0003949914852980907,70215.52166666667,0.0044005254881186685,Attendre
2026-03-20 11:00:00,70611.68,70810.81,70303.36,70478.71,605.56445,-0.0018831162209989039,70237.43666666666,0.004383002582381158,Attendre
2026-03-20 12:00:00,70478.71,70685.63,70251.0,70342.63,613.27107,-0.001930795838913646,70281.285,0.0038935369071237944,Attendre
2026-03-20 13:00:00,70342.63,70613.75,69795.7,69863.84,1225.89394,-0.00680654106905032,70279.54291666666,0.0037637298610952584,Attendre
2026-03-20 14:00:00,69863.85,70268.66,69589.38,69731.21,1679.84994,-0.001898406958449339,70289.91625,0.00356407502683811,Attendre
2026-03-20 15:00:00,69731.2,70002.68,69480.0,69860.09,1196.90076,0.0018482398340713413,70308.56541666666,0.003571294645592044,Attendre
2026-03-20 16:00:00,69860.09,70100.0,69608.54,69829.26,922.25773,-0.00044131062527974496,70324.12375,0.0035733720474603265,Attendre
2026-03-20 17:00:00,69829.27,70039.78,69388.0,70000.0,998.84797,0.0024451068219826233,70330.20041666667,0.0034125038950822873,Attendre
2026-03-20 18:00:00,69999.99,70071.81,69525.33,69770.0,630.4796,-0.003285714285714336,70328.06666666667,0.0034803997246380296,Attendre
2026-03-20 19:00:00,69770.01,70190.18,69673.76,70177.86,528.39593,0.005845778988103678,70324.14458333333,0.0034328843779305334,Attendre
2026-03-20 20:00:00,70177.85,70259.28,69754.71,70057.66,435.39665,-0.0017127909001499741,70306.42083333332,0.003385148745044047,Attendre
2026-03-20 21:00:00,70057.66,70726.13,69946.65,70540.73,780.46042,0.006895320226224966,70311.72333333333,0.0036797574314836865,Attendre
2026-03-20 22:00:00,70540.72,70923.75,70532.0,70767.85,591.69583,0.0032197001647134016,70336.05083333333,0.0036616187880185074,Attendre
2026-03-20 23:00:00,70767.85,70771.13,70430.0,70510.73,372.60008,-0.0036332882799181565,70360.24791666666,0.003662297486459904,Attendre
2026-03-21 00:00:00,70510.73,70826.0,70467.36,70682.19,274.67077,0.0024316866383315983,70381.13083333333,0.003625229899337152,Attendre
2026-03-21 01:00:00,70682.2,70758.5,70445.36,70464.59,375.95226,-0.0030785690143444455,70383.66416666667,0.0036345622882946074,Attendre
2026-03-21 02:00:00,70464.6,70785.9,70431.67,70737.6,316.88084,0.003874428276670727,70397.08625,0.0037179230586908223,Attendre
2026-03-21 03:00:00,70737.6,70784.07,70632.39,70657.35,226.82019,-0.0011344744520594974,70394.0625,0.003612602939966832,Attendre
2026-03-21 04:00:00,70657.35,70819.0,70617.05,70642.13,487.10407,-0.00021540575750433888,70388.16416666667,0.0036087348997419833,Attendre
2026-03-21 05:00:00,70642.14,70834.46,70635.1,70697.94,941.44912,0.0007900384657144599,70391.985,0.0035748130769858635,Attendre
2026-03-21 06:00:00,70697.94,70831.14,70693.06,70774.65,857.26608,0.0010850386871243956,70403.30791666666,0.003565421271705249,Attendre
2026-03-21 07:00:00,70773.55,70879.76,70677.44,70727.33,431.42703,-0.0006686009750664912,70398.0025,0.0034166108849468793,Attendre
2026-03-21 08:00:00,70727.33,70753.79,70492.02,70594.43,956.10118,-0.0018790473215941628,70379.34416666666,0.003384913801218087,Attendre
2026-03-21 09:00:00,70594.42,70735.36,70570.4,70661.59,204.69969,0.0009513498444566615,70382.58541666667,0.003123028658341601,Attendre
2026-03-21 10:00:00,70661.59,70695.32,70559.69,70605.64,524.32782,-0.0007918021657876695,70382.33375,0.0031267315615572757,Attendre
2026-03-21 11:00:00,70605.64,70652.73,70567.79,70652.72,360.21459,0.0006668022554572328,70389.58416666667,0.0031031557175485035,Attendre
2026-03-21 12:00:00,70652.73,70800.0,70652.73,70722.61,199.41863,0.0009892046619011108,70405.41666666667,0.0030769021222553155,Attendre
2026-03-21 13:00:00,70722.61,70812.74,70707.12,70740.18,171.5437,0.0002484354013516654,70441.93083333333,0.0026879421087927227,Attendre
2026-03-21 14:00:00,70740.18,71100.94,70592.53,70629.1,873.72717,-0.0015702532846253447,70479.34291666666,0.002675897024745398,Attendre
2026-03-21 15:00:00,70629.09,70760.0,70453.09,70630.02,399.45062,1.3025792484855359e-05,70511.42333333334,0.0026629780226364716,Attendre
2026-03-21 16:00:00,70630.02,70652.64,70251.0,70301.66,435.70425,-0.004649014682425401,70531.10666666667,0.002856396329636319,Attendre
2026-03-21 17:00:00,70301.66,70426.18,70210.0,70304.08,444.648,3.442308474643774e-05,70543.77666666667,0.002819273525989532,Attendre
2026-03-21 18:00:00,70303.45,70534.38,70290.48,70389.19,200.5858,0.0012105983038253054,70569.57625,0.0027265182797723054,Attendre
2026-03-21 19:00:00,70389.18,70448.79,70324.7,70396.0,140.45698,9.67478102815722e-05,70578.66541666667,0.002464650226684458,Attendre
2026-03-21 20:00:00,70396.01,70508.11,70358.9,70462.28,697.39549,0.0009415307687936636,70595.52458333333,0.0024376647419545893,Attendre
2026-03-21 21:00:00,70462.27,70516.82,70268.06,70345.57,629.83259,-0.001656347197394048,70587.39291666668,0.0020105688765187117,Attendre
2026-03-21 22:00:00,70345.57,70384.95,70265.55,70277.22,737.88495,-0.0009716319023359565,70566.95,0.0018866715082986754,Attendre
2026-03-21 23:00:00,70277.21,70293.82,68571.42,68918.12,2509.60568,-0.019339125821994707,70500.59125,0.004290239030032733,Attendre
2026-03-22 00:00:00,68918.12,69155.86,68228.5,68954.71,2161.16442,0.0005309198799969828,70428.61291666667,0.004242520844190773,Attendre
2026-03-22 01:00:00,68954.7,69100.0,68762.31,68962.4,809.55651,0.00011152247612944421,70366.02166666667,0.0042252157815507105,Attendre
2026-03-22 02:00:00,68962.4,69411.1,68951.21,69278.12,506.62838,0.004578146932241456,70305.21,0.004261990093801282,Attendre
2026-03-22 03:00:00,69278.12,69588.79,69123.13,69339.99,671.1404,0.0008930669596693974,70250.31999999999,0.0042763731469295345,Attendre
2026-03-22 04:00:00,69340.0,69526.85,69215.89,69358.0,626.75701,0.00025973467835793684,70196.81458333333,0.004280174652096254,Attendre
2026-03-22 05:00:00,69358.0,69358.0,69150.0,69153.41,322.14134,-0.0029497678710458386,70132.45916666667,0.004289537624931595,Attendre
2026-03-22 06:00:00,69153.41,69245.79,69059.87,69164.06,378.08519,0.00015400542070143075,70065.35125,0.004274885848100615,Attendre
2026-03-22 07:00:00,69164.06,69250.08,68892.93,68919.38,432.94301,-0.0035376754921557785,69990.02,0.004306677128610635,Attendre
2026-03-22 08:00:00,68919.37,68990.67,68523.96,68804.77,1053.77702,-0.0016629575019392329,69915.45083333334,0.004305136414043269,Attendre
2026-03-22 09:00:00,68804.77,68901.65,68587.78,68826.2,383.82763,0.0003114609641161614,69838.97624999999,0.004294103249682297,Attendre
2026-03-22 10:00:00,68826.21,68847.83,68584.27,68648.17,360.03346,-0.002586660312497213,69757.415,0.004304355174811038,Attendre
2026-03-22 11:00:00,68648.16,68691.03,68110.55,68217.95,784.4316,-0.0062670279484507985,69655.96625000001,0.004407739508742084,Attendre
2026-03-22 12:00:00,68217.94,68763.18,68199.04,68654.83,484.243,0.006404179545119737,69569.80875,0.004668918889293116,Attendre
2026-03-22 13:00:00,68654.83,68957.24,68548.32,68700.02,548.07349,0.0006582202592302355,69484.80208333333,0.004675286940728674,Attendre
2026-03-22 14:00:00,68700.02,68915.27,68542.1,68711.66,385.54476,0.00016943226508514542,69404.90875,0.004682906932309183,Attendre
2026-03-22 15:00:00,68711.66,69005.71,68700.0,68847.96,391.17296,0.001983651682989418,69330.65625,0.004721042550416535,Attendre
2026-03-22 16:00:00,68847.97,68885.53,68665.62,68805.58,258.25035,-0.0006155592700205492,69268.31958333333,0.004658863937201221,Attendre
2026-03-22 17:00:00,68805.58,68848.32,68665.34,68673.02,252.16281,-0.0019265879308044687,69200.35875,0.004659227165446151,Attendre
2026-03-22 18:00:00,68672.85,68743.18,68344.57,68618.58,340.01718,-0.0007927421860870476,69126.58333333333,0.004636406038697919,Attendre
2026-03-22 19:00:00,68618.57,68626.07,68145.01,68199.93,472.99305,-0.006101117219272201,69035.08041666666,0.004741148452493125,Attendre
2026-03-22 20:00:00,68199.93,68498.4,68080.0,68176.46,319.53245,-0.00034413525057852556,68939.83791666667,0.004721840753099752,Attendre
2026-03-22 21:00:00,68176.47,68228.71,67360.66,67899.97,1535.47353,-0.004055505375315849,68837.93791666666,0.004753623986782954,Attendre
2026-03-22 22:00:00,67899.97,68396.94,67571.67,68339.37,856.561,0.006471284155206369,68757.19416666667,0.005022224642770997,Attendre
2026-03-22 23:00:00,68339.38,68474.0,67839.99,67859.0,509.27627,-0.0070291839096555675,68713.06416666666,0.003474029116952201,Attendre
2026-03-23 00:00:00,67859.0,68161.41,67445.18,67669.99,823.69218,-0.0027853342961139393,68659.53416666666,0.0034913681912843576,Attendre
2026-03-23 01:00:00,67670.0,68157.31,67536.01,67905.0,628.21786,0.003472883622415157,68615.47583333333,0.0035944793720609595,Attendre
2026-03-23 02:00:00,67905.0,67976.99,67905.0,67920.31,54.71636,0.00022546204255946556,68558.90041666667,0.003425730399497904,Attendre
